-- MySQL dump 10.11
--
-- Host: localhost    Database: admin_net_dhr_www
-- ------------------------------------------------------
-- Server version	5.0.51a-24+lenny5

/*!40101 SET @OLD_CHARACTER_SET_CLIENT=@@CHARACTER_SET_CLIENT */;
/*!40101 SET @OLD_CHARACTER_SET_RESULTS=@@CHARACTER_SET_RESULTS */;
/*!40101 SET @OLD_COLLATION_CONNECTION=@@COLLATION_CONNECTION */;
/*!40101 SET NAMES utf8 */;
/*!40103 SET @OLD_TIME_ZONE=@@TIME_ZONE */;
/*!40103 SET TIME_ZONE='+00:00' */;
/*!40014 SET @OLD_UNIQUE_CHECKS=@@UNIQUE_CHECKS, UNIQUE_CHECKS=0 */;
/*!40014 SET @OLD_FOREIGN_KEY_CHECKS=@@FOREIGN_KEY_CHECKS, FOREIGN_KEY_CHECKS=0 */;
/*!40101 SET @OLD_SQL_MODE=@@SQL_MODE, SQL_MODE='NO_AUTO_VALUE_ON_ZERO' */;
/*!40111 SET @OLD_SQL_NOTES=@@SQL_NOTES, SQL_NOTES=0 */;

CREATE DATABASE IF NOT EXISTS main DEFAULT CHARSET utf8 COLLATE utf8_unicode_ci;
USE main; 

--
-- Table structure for table `artist`
--

DROP TABLE IF EXISTS `artist`;
SET @saved_cs_client     = @@character_set_client;
SET character_set_client = utf8;
CREATE TABLE `artist` (
  `id` bigint(20) NOT NULL auto_increment,
  `name` text,
  `url` text,
  `image` text,
  `links_carousel` text,
  `more` text,
  `is_public` tinyint(1) default '1',
  `slug` varchar(255) default NULL,
  `created_at` datetime NOT NULL,
  `updated_at` datetime NOT NULL,
  PRIMARY KEY  (`id`),
  UNIQUE KEY `artist_sluggable_idx` (`slug`)
) ENGINE=InnoDB AUTO_INCREMENT=21 DEFAULT CHARSET=latin1;
SET character_set_client = @saved_cs_client;

--
-- Dumping data for table `artist`
--

LOCK TABLES `artist` WRITE;
/*!40000 ALTER TABLE `artist` DISABLE KEYS */;
INSERT INTO `artist` VALUES (1,'Ben et Béné',NULL,NULL,'http://vimeo.com/channels/dahearditrecords/5998420\nhttp://vimeo.com/channels/dahearditrecords/5998150\nhttp://vimeo.com/channels/dahearditrecords/5998017\nhttp://vimeo.com/channels/dahearditrecords/5998677\n','<ul>\n  <li><a href=\"http://www.benetbene.net\">www.benetbene.net</a></li>\n  <li><a href=\"https://www.facebook.com/pages/Ben-et-B%C3%A9n%C3%A9/20216379469\">facebook</a></li>\n  <li><a href=\"http://www.myspace.com/benetbene\">Myspace</a></li>\n<ul>\n',1,'ben-et-bene','2012-07-05 12:40:17','2012-07-05 12:40:17'),(2,'Buskerdroid','','','','<ul>\r\n  <li><a href=\"http://www.buskerdroid.com/\">http://www.buskerdroid.com/</a></li>\r\n  <li><a href=\"https://www.facebook.com/buskerdroid\">Facebook</a></li>\r\n  <li><a href=\"http://www.myspace.com/buskerdroid\">Myspace</a></li>\r\n  <li><a href=\"http://soundcloud.com/buskerdroid/sets\">Soundcloud</a></li>\r\n<ul>\r\n',1,'buskerdroid','2012-07-05 12:40:17','2012-11-01 12:21:11'),(3,'Computer Truck',NULL,NULL,NULL,'<ul>\n  <li><a href=\"http://computertruck.parishq.net\">http://computertruck.parishq.net</a></li>\n  <li><a href=\"http://www.myspace.com/computertruck\">Myspace</a></li>\n<ul>\n',1,'computer-truck','2012-07-05 12:40:17','2012-07-05 12:40:17'),(4,'Eat Rabbit',NULL,NULL,NULL,'<ul>\n  <li><a href=\"http://www.myspace.com/eatrabbit\">Myspace</a></li>\n  <li><a href=\"https://www.facebook.com/eatrabbit\">Facebook</a></li>\n<ul>\n',1,'eat-rabbit','2012-07-05 12:40:17','2012-07-05 12:40:17'),(5,'Goto80',NULL,NULL,NULL,'<ul>\n  <li><a href=\"http://www.goto80.com\">www.goto80.com</a></li>\n  <li><a href=\"https://www.facebook.com/goto80\">Facebook</a></li>\n  <li><a href=\"http://twitter.com/#!/goto80\">Twitter</a></li>\n<ul>\n',1,'goto80','2012-07-05 12:40:17','2012-07-05 12:40:17'),(6,'[guÿôm]',NULL,NULL,NULL,'<ul>\n  <li><a href=\"http://www.egotwister.com/guyom/index/\">www.egotwister.com/guyom/index/</a></li>\n  <li><a href=\"http://www.myspace.com/guyoml\">Myspace</a></li>\n<ul>\n',1,'guyom','2012-07-05 12:40:17','2012-07-05 12:40:17'),(7,'Jacques Cochise',NULL,NULL,NULL,'<ul>\n  <li><a href=\"http://cochise.canalblog.com/\">http://cochise.canalblog.com/</a></li>\n<ul>\n',1,'jacques-cochise','2012-07-05 12:40:17','2012-07-05 12:40:17'),(8,'Mini Roc',NULL,NULL,NULL,'<ul>\n  <li><a href=\"http://www.miniroc.com/\">www.miniroc.com/</a></li>\n  <li><a href=\"http://www.myspace.com/miniroc\">Myspace</a></li>\n<ul>\n',1,'mini-roc','2012-07-05 12:40:17','2012-07-05 12:40:17'),(10,'Pocketmaster',NULL,NULL,NULL,'<ul>\n  <li><a href=\"http://www.pocketmaster.ch/\">www.pocketmaster.ch/</a></li>\n  <li><a href=\"http://www.myspace.com/pocketmaster\">Myspace</a></li>\n<ul>\n',1,'pocketmaster','2012-07-05 12:40:17','2012-07-05 12:40:17'),(11,'Puyo Puyo',NULL,NULL,'https://vimeo.com/11503305\nhttps://vimeo.com/7233308\n','<ul>\n  <li><a href=\"http://puyopuyo.lautre.net/\">http://puyopuyo.lautre.net/</a></li>\n  <li><a href=\"https://www.facebook.com/officialpuyopuyo\">Facebook/</a></li>\n  <li><a href=\"http://www.myspace.com/puyopuyo\">Myspace</a></li>\n<ul>\n',1,'puyo-puyo','2012-07-05 12:40:17','2012-07-05 12:40:17'),(12,'Sidabitball',NULL,NULL,'https://vimeo.com/14505117\nhttps://vimeo.com/5998863\n','<ul>\n  <li><a href=\"http://www.sidabitball.com/\">www.sidabitball.com</a></li>\n<ul>\n',1,'sidabitball','2012-07-05 12:40:17','2012-07-05 12:40:17'),(13,'Sputnik Booster',NULL,NULL,NULL,'<ul>\n  <li><a href=\"https://www.facebook.com/pages/Sputnik-Booster-The-Future-Posers/117490921652175\">Facebook</a></li>\n  <li><a href=\"http://www.myspace.com/sputnikbooster\">Myspace</a></li>\n<ul>\n',1,'sputnik-booster','2012-07-05 12:40:17','2012-07-05 12:40:17'),(14,'Tom Woxom',NULL,NULL,NULL,NULL,1,'tom-woxom','2012-07-05 12:40:17','2012-07-05 12:40:17'),(15,'Vicnet',NULL,NULL,NULL,'<ul>\n  <li><a href=\"http://www.vic-net.com/\">www.vic-net.com</a></li>\n  <li><a href=\"https://www.facebook.com/pages/Vicnet/419589410001\">Facebook</a></li>\n  <li><a href=\"http://www.myspace.com/vicnet\">Myspace</a></li>\n<ul>\n',1,'vicnet','2012-07-05 12:40:17','2012-07-05 12:40:17'),(16,'Xerak',NULL,NULL,'https://vimeo.com/14327568\n','<ul>\n  <li><a href=\"http://www.xerak.com/\">www.xerak.com</a></li>\n  <li><a href=\"https://www.facebook.com/xerak\">Facebook</a></li>\n  <li><a href=\"http://www.myspace.com/xerak1\">Myspace</a></li>\n<ul>\n',1,'xerak','2012-07-05 12:40:17','2012-07-05 12:40:17'),(17,'Astroboiler',NULL,NULL,NULL,'<ul>\n  <li><a href=\"http://www.myspace.com/astroboiler>Myspace</a></li>\n</ul>\n',1,'astroboiler','2012-07-05 12:40:17','2012-07-05 12:40:17'),(18,'Les Robots Musique',NULL,NULL,NULL,'<ul>\n  <li><a href=\"http://www.myspace.com/lesrobotsmusique\">Myspace</a></li>\n<ul>\n',1,'les-robots-musique','2012-07-05 12:40:17','2012-07-05 12:40:17'),(20,'Marc de Blanchard','http://marc.arette.free.fr/','','','<ul>\r\n  <li><a href=\"http://marc.arette.free.fr/\">http://marc.arette.free.fr/</a></li>\r\n  <li><a href=\"http://soundcloud.com/marc-de-blanchard\">Soundcloud</a></li>\r\n</ul>\r\n',1,'marc-de-blanchard','2012-11-25 20:11:44','2012-11-26 14:07:40');
/*!40000 ALTER TABLE `artist` ENABLE KEYS */;
UNLOCK TABLES;

--
-- Table structure for table `artist_translation`
--

DROP TABLE IF EXISTS `artist_translation`;
SET @saved_cs_client     = @@character_set_client;
SET character_set_client = utf8;
CREATE TABLE `artist_translation` (
  `id` bigint(20) NOT NULL default '0',
  `presentation` text,
  `lang` char(2) NOT NULL default '',
  PRIMARY KEY  (`id`,`lang`),
  CONSTRAINT `artist_translation_id_artist_id` FOREIGN KEY (`id`) REFERENCES `artist` (`id`) ON DELETE CASCADE ON UPDATE CASCADE
) ENGINE=InnoDB DEFAULT CHARSET=latin1;
SET character_set_client = @saved_cs_client;

--
-- Dumping data for table `artist_translation`
--

LOCK TABLES `artist_translation` WRITE;
/*!40000 ALTER TABLE `artist_translation` DISABLE KEYS */;
INSERT INTO `artist_translation` VALUES (1,'Ben et Béné is a French Electro-8bit-Punk duo.\nIn 2003, after singing and playing in a lot of punk and indie rock outfits, Ben decided to play his own music. He began composing with a cheap computer, then Gameboy and Reason.\nBéné just qualified for art-school, joining Ben in his project. She shows her “Real Video”, a mix of TV movies and domestic video, during their concerts.\nTheir music is the meeting of many influences: punk, 8bit, electro, clubbing… Their shows are always completely crazy ! This is due to to their electric voices which give an amazing high energy to their music.\nThey are on www.beradio.net the first and third Monday of each month.\n','en'),(1,'Ben et Béné est un duo 8bit - punk né fin 2003.\nBen musicien indie rock a eu de nombreuses expériences de groupe qui l\'ont conduit à cette idée: \"fais tout toi-même!\". Muni d\'un laptop, d\'une gameboy, d\'un micro et d\'autres petites choses bricolées, il se lance donc dans la composition de chansons d\'ordinateurs furieusement dansante mais décalées : une electropunk au pays des merveilles.\nBéné, plasticienne, diffuse en live des vidéos réelles et façonne l\'aspect graphique du groupe : site web - pochette de disques - stickers etc- Véritable show girl à la voix diabolique, elle est capable d\'électriser n\'importe quel public.\nPersuadés que le meilleur moyen de faire de la musique c\'est d\'aller en jouer n\'importe où, le duo écume sans relache les scènes alternatives européennes.\nDepuis 3 ans, ils organisent en France, Belgique et Pays-Bas les soirées electro-8bit & lo-fi : We Are Not Toys. 2006/2007 est déjà une période charnière dans leur parcours avec l\'animation d\'une émission bimensuelle sur beradio.net le lundi soir (We are not toys).\n','fr'),(2,'Being edited currently. Come back soon !\r\n','en'),(2,'En cours de rédaction. Revenez bientôt !\r\n','fr'),(3,'French composer, mixing chip-instruments with modern sounds. His music is intense and varied, mostly dance-oriented, hard and melodic.\nActive members since 2002 of the Paris Hq micromusic he helped to develop the chiptune & low fi electro scene in France by organising concerts and inviting artists who never had the chance to play in Paris. That’s during these shows that he started his first gigs under the pseudo Computer Truck… \nDuring the same period he was introduced to circuit bending and started using bended toys & synth for his music.\nHis influence are varied, from retro electropop to breakcore and harsh noize. He describe his music by “riot toy party music”, a music you can dance on and wich evolve to the 80’s c64 sound to “ultime electrogrind music” (which you can only listen during the gigs because his more violent tracks have not yet been released so don’t search on his myspace or webpage…) with uncomprehensible voice on it thanks to his Halloween special fx voice transformer. A music made to unite retarded nerds and crustyPunx.\nps : laptop plus diverse transformed toyz and voice...\n','en'),(3,'En cours de rédaction. Revenez bientôt !\n','fr'),(4,'Being edited currently. Come back soon !\n','en'),(4,'En cours de rédaction. Revenez bientôt !\n','fr'),(5,'?Goto80 is Anders Carlsson, born in Sweden. He grew up in the underground computer subculture called the demoscene on the Amiga, C64, Gameboy and PC since the early 1990\'s. Soon he was developing a relationship especially with the Commodore 64 where his brain and the soundchips would form a buggy and dirty relationship.\nAlready in his early teens he would explore musical styles ranging from ambient through cheesy 1980\'s music through to gabber and noisy breaks.\nAfter his first first vinyl release in 2001 he gained a reputation outside the geek communities, and also started performing live.\nHe kept expanding the boundaries of chip music to work with several retarded musical styles, and added more vocals.\nHis music has also been heard under alot of other names, such as the lo-fi c64 guitar band Superdöner and the vocal micropop duo HT.\nJust as in the demoscene, he collaborates alot with visual artists, especially Entter and Jossystem to do live shows that at this point are far from silent nerdery and videogame nostalgia.\nGoto80 still tries to push the boundaries of the 8-bit sound and has by now developed an unmatched skill of abusing different music genres with his personal chip-music touch.\nIn 2007 he\'s performed about 100 shows and made about 40 releases - most of them for free download.\n','en'),(5,'Goto80 est Anders Carlsson, né en Suède. Il a grandi dans la culture underground appelée \"demoscene\" sur Amiga, C64, Gameboy et PC depuis le début des années 90.Assez vite il développa une relation particulière avec le commodore 64, dans lequel son cerveau et les soundchips eurent des rapports triturés et déstructurés.\nDéjà, adolescent, il explorait des modèles musicaux s\'étendant de la musique ambiante aux gabbers et autres breaks \"noisy\", en passant par la musique \"caoutchouc salé\" des années 80.\nAprès son premier album vinyle en 2001, il commence à être connu en dehors de la communauté de \"geeks\" et à faire des performances live.\nIl a toujours repoussé les limites de la \"chip music\", travaillant avec plusieurs styles musicaux anciens et en y ajoutant des voix.\nEn 2007 il a déjà à son actif une centaine de performances live, une quarantaine d\'album, la majorité en libre téléchargement.\nOn retrouve sa musique sous d\'autres noms , comme le groupe lo-fi c64 guitare \"Superdöner\" et le duo vocal micropop \"HT\".\nExactement comme dans la \"demoscene\", il collabore beaucoup avec des artistes visuels, surtout Entter et Jossystem pour des concerts qui jusqu\'à maintenant sont loins de la nostalgie des jeux video.\nGoto80 continue de repousser les limites du son 8-bit et a développé jusquà maintenant une façon unique de maltraiter différents genres musicaux avec sa touche personnelle \"chip music\".\n','fr'),(6,'[Guÿôm] aka Guillaume is first of all a superhero. He discovered his super powers about ten years ago after accidental and fatal exposure to liberal economy speeches. But thanks to his unstoppable will, [guÿôm] survived and gained super powers allowing him to fight without truce against the traders and speculators to set things right and punish the evil. He is equipped with a superhero mask made of vibranium and pure virgin merinos wool (70% minimum) which grants him supra vision thanks to an adamatium catalyst. His clothes were woven from old Pravda numbers, in order to protect himself from the hostile O.P.A. Also, [Guÿôm] relates his adventures through music. The latter is 16 bits (twice as good as 8 bits!!) electro barred, techno parodic, breakcore furious, idm? Screw the labels, [Guÿôm] goes above and beyond restrictive categories.\n','en'),(6,'[Guÿôm] aka Guillaume est avant tout un super héros.\nIl a découvert ses super pouvoirs il y a une dizaine d\'années suite à une exposition accidentelle et mortelle à des discours sur l\'économie libérale. Mais grâce à une volonté inébranlable [guÿôm] s\'en est sorti et a acquis des super pouvoirs lui permettant de combattre sans relâche les traders et les spéculateurs pour redresser les torts et punir les méchants. Il est équipé d\'un masque de super héros fait en vibranium et de pure laine vierge de mérinos (70% minimum) qui lui permet d\'avoir une supra vision grâce à un catalyseur en adamantium. Ses vêtements ont été tissés grâce à des anciens numéros de la Pravda, afin de se proteger contre les O.P.A. hostiles. Accessoirement [Guÿôm] relate ses aventures au moyen de la musique.\nCelle ci est faite en 16 bits (deux fois mieux que le 8 bits!!) Electro barrée, techno parodique, breakcore furieux, idm?\nAu diable les étiquettes, [Guÿôm] s\'affranchit des cases trop restrictives.\n','fr'),(7,'Being edited currently. Come back soon !\n','en'),(7,'En cours de rédaction. Revenez bientôt !\n','fr'),(8,'Mini Roc is electro musician Jan Michelbach from Bochum, Germany. Experementing with electronic sounds and different music styles for about seven years, he got in touch with the 8bit-music scene in 2003.\nQuickly he became excited by lo-fi sounds generated with classic videogame and computer consoles. Also amazed by the simplicity, nevertheless the range of technology behind 8bit tracks, he soon began producing his own combining typical game sounds with modern electro and techno elements.\nSince beginning of 2005 Mini Roc has produced his tracks exclusively on a Gameboy and performed them on several live gigs across Europe.\n','en'),(8,'Mini Roc, de son vrai nom Jan MichelBack est un musicien allemand faisant de la musique éléctro. \nIl a expérimenté différentes sonorités et styles musicaux pendant sept ans avant de découvrir la scène 8bit, en 2003.\nTrès vite, il tombe amoureux des sons lo-fi générés par les jeux vidéos des anciennes consoles, imprésionné par la simplicité technique développée par les morceaux 8bit. \nIl commence alors très rapidement à produire son propre panel de sons, provenants de jeux mélangés à des sonoritées modernes de l\'électro et des brides de techno.\nEn 2005 , Mini Roc produit des morceaux exclusivement joués sur Gameboy et les à joués en live à travers toute l\'Europe.\n','fr'),(10,'Pocketmaster is a lowtech-music-project from Basel founded in 2005 by Cube-C and Emglio Laser.\nThey use the soundchips of classic gameboy and 8-bit or 16-bit homecomputers, especially the one of Commodore 64. Of course also newer hardware is used to some extend, mixed up with samples of various sources. As a result, freaky electropop or micropunk makes you dance until game over.\nToo squiggly and too humorous to sink into minimal mainstream, they squeak and bleep with international success\n','en'),(10,'Pocketmaster est un projet de musique lowtech fondé en 2005 à Basel par Cube-C et Emglio Laser.\nIls utilisent les cartes son d\'une gameboy classique et des ordinateurs 8-bit ou 16-bit, surtout celui de Commodore 64.  Bien sûr, ils utilisent aussi du matériel un peu plus moderne, avec un mélange de samples de diverses sources.  Le résultat: de l\'electropop insolite ou du micropunk qui vous fera danser jusqu\'à game over.\nTrop de gribouillis et trop humoristique pour caler dans le minimal mainstream, ils piaillent et ils raillent avec un succés international.  ?\n','fr'),(11,'After being a new wave drummer in the 80s, Pascal Lebrain became Puyo Puyo around 2002. \nIt was the computer and the program Protools Free that allowed him to create a slightly devious and crazy lo-fi electropop music, home made with little material, but much enthusiasm. \nFirst good news: Feliz Kubin took him on his label Gagarin Records for a maxi vinyl entitled \"A novel Trick Item\" in 2004.. He then started a series of concerts throughout Europe - and even in Mexico - dancing the Puyo Puyo in video clips he put together himself in the same ludic and low-budjet spirit as always. This mutant karaoke, both fragile and energetic, became is trademark, along with his famous cosmodroid helmet.\nFrom compilations to maxis, he went on producing his music, but still asked his electronic idols to remix one of his pieces. This is how Felix Kubin, Candie Hank, Brezel Goering (Stereototal), Frederik Schikowski, Groupgris (Kap Bambino) and Gangpol got started on the project: the album came out in 2009 as a picture disc under Brain Records, a label created for the occasion. The Brain is also a radio show hosted and produced by Lebrain and his partner Eva Lebrain since 1999, with whom he also organizes evening concerts and parties in Nantes called \"Superboums\".\n','en'),(11,'Après avoir été batteur new-wave dans les eighties, Pascal Lebrain s\'est transformé en Puyo Puyo vers 2002.\nCe sont l\'ordinateur et le logiciel Protools free qui lui ont fourni l\'occasion d\'élaborer une musique electropop lo-fi un peu déviante et déglinguée, bricolée à la maison avec un matériel minimal et un enthousiasme maximal.\nPremier bonheur : Felix Kubin le signe sur son label Gagarin Records pour un maxi vinyl \"A novel Trick item\" (2004). Il enchaîne alors les concerts dans toute l\'Europe - et même à Mexico ! - dansant le Puyo Puyo devant des clips qu\'il confectionne lui-même toujours dans un esprit ludique et low-budget. Ce karaoke mutant à la fois fragile et énergétique devient sa marque de fabrique, ainsi que son célèbre casque de cosmodroïde.\nDe compilations en maxis il continue ensuite à produire sa musique en dilettante, ce qui ne l\'empêche pas de proposer à ses idoles électroniques de remixer un de ses morceaux. C\'est ainsi que Felix Kubin, Candie Hank, Brezel Goering (Stereototal), Frederik Schikowski, Groupgris (Kap Bambino) et Gangpol participent au projet : le disque sort en 2009 sous forme de picture disc chez The Brain Records, label créé pour l\'occasion. A noter que The Brain est aussi une émission de radio qu\'il anime et produit avec sa compagne Eva Lebrain depuis 1999, avec laquelle il organise aussi à Nantes des soirées concerts + party baptisées Superboums.\n','fr'),(12,'Sidabitball is not a musician, let alone a person.\nIt is the name of a music program that his creator, Pierre Boquet, has been working on for 5 years already. A standard in agroalimentary and musical industries, it has notably been used by Justin Guetta during the mastering of David Timberlake\'s last album.\nRight now, the Sidabitball program works exclusively on gameboy, but rumors of carrying the program to other platforms are going around.\n','en'),(12,'Sidabitball n\'est pas un musicien, encore moins une personne.\nC\'est le nom d\'un programme de musique que son géniteur, Pierre Boquet, met au point depuis déja 5 ans. Standard de fait dans les industries de la production musicale et de l\'agroalimentaire, il a notamment été utilisé par Justin Guetta lors du mastering du dernier album de David Timberlake.\nÀ l\'heure actuelle, le programme Sidabitball fonctionne exclusivement sur gameboy, mais les rumeurs d\'un portage du programme sur d\'autres plateformes vont bon train.\n','fr'),(13,'Being edited currently. Come back soon !\n','fr'),(14,'Tom Woxom is a german artist from the Ruhrarea. He plays electro music inspired from his earlier experiences running Protracker on Amiga 500.\nAfter having been looking for \"better sounds\" and \"higher fidelity\" for years he discovered that his earlier works were definitely more simple and rocking, and that they were funnier to compute. That\'s why he decided to give the Amiga 500 another go.\nTom Woxom built his sound in 2008 running the Amiga combined with playing true waveforms, some little keyboards and modern technologies for arrangement and recording.\nHe\'s looking forward to performing live soon.\n','fr'),(15,'Scenographer and designer in real life, Vincent Tordjman aka Vicnet is an artist qualified as \"airport musician\" by Liberation, because of his habit of composing with his laptop in unusual places. Mr. Hadopi is his second album, following an 8bit filled opus, Vic-CD and Vic-LP on the label Deco.\nVicnet\'s music is characterized by an accumulation of influences acquired from a cross of various universes, which he assimilates and recomposes with a unique perception of sounds. Always with his Roland TB-303 and his SH-101, a plastic keyboard with a magic shoulder belt, Vicnet composes eclectic and tonic electronic melodies, haunted by robot voices.\nHe has collaborated among others with Joana Preiss, O. Lamm, Lionel Fernandez and Erik Minkinnen of Sister Iodine. He is currently working on music for a Chinese opera for 2010.\n','fr'),(16,'XERAK is a designer and a musician creator of the electro trash kawaii mouvement. His universe comes from the Japanese comics the American comics the Pxl Art the Pop art and the science fiction movies of the 50’s.\nThe XERAK music is a melt of electro acid punk toy kawaii with a little bit of Japanese 90’s techno. (Denki Groove, Pierre Taki…).\nDuring his lives the sound is followed by his hypnotics designs his energics video creations and his funnies video games. For the shows he plays differents characters like The Delux Punk Pink Poodle the Sexfloor Preacher the Mutant cooker the Mutant Disco Samouraï and the Mutant President.\n','fr'),(17,'Being edited currently. Come back soon !\n','en'),(17,'En cours de rédaction. Revenez bientôt !\n','fr'),(18,'Being edited currently. Come back soon !\n','en'),(18,'Venus tous deux d\'une étoile lointaine à bord d\'un vaisseau interplanétaire,  Rod Droïd et Puyo Puyo s\'apprêtaient à faire une tournée galactique triomphale au sein de l\'orchestre impérial. Soudain, leur engin spatial explosa en vol dans une averse de météores. Précipités dans la stratosphère, nos deux compères robots furent alors projetés sur terre et plus précisément à Nantes, France. Ayant pris l\'apparence humaine, ils se remirent illico à faire la seule chose qu\'ils savaient faire : de la musique et des concerts, pour survivre dans cet environnement hostile, à des milliers d\'années-lumière de chez eux. Les Robots Musique étaient nés.\nLeur duo rappelle naturellement le folklore Kriktoïen, en plus offensif du point de vue rythmique. Leurs textes sont simples (n\'oublions pas que ce sont des robots) et légers comme les poèmes Hwagaagaa de leur enfance. Quant à leur sens de la mélodie, il évoque immanquablement les airs entraînants de Gamma Leonis et de Celestia, deux astres célèbres pour leurs happy tunes. Leurs morceaux sont courts, efficaces et parfaits pour les folles chorégraphies métalliques.  \nVoici quelques mois, Da! Heard it records, toujours en quête de nouveaux talents, eut vent de ce duo droïdesque et décida de le signer sur son label digital. Comme ils ne savaient pas signer, les Robots Musique firent simplement coucou avec la main.\n','fr'),(20,'Marc de Blanchard is a protean artist who lives in Rennes. As a graphic designer, plastician, and musician he develops curious and off-putting universes, often inspired by the scientific and biological world.\r\nThe self-educated musician likes sounds that crack, melodies that transport, and twisted rhythms that he sprinkles with film extracts or obscure soundtracks. He seeks to confront genres in an uneven and melodic musical bricolage. He also creates numerous mixes, programs and other sound montages that he diffuses on the Internet, on independent radios, or live by way of wild DJ sets coupled with video projections.\r\nIn 2006, he started torturing his own piano-improvised melodies with his computer. It is from these musical games that his first album, “Hydraphony”, takes its source. Released in 2010, this album blends classical music, traditional folklore, and sound experimentation. It’s followed by “Hypothermy”, an EP tinted with psychobilly, electronica, and lyrical getaways. In parallel, he begins collaboration with a harpist to develop Wezen, a visual, musical, and scenic show.\r\nIncreasingly active musically, his practice is always in movement, seeking a universe that is both coherent and phantasmagorical, without limiting himself by genre or style.\r\nTo find out more:  http://marc.arette.free.fr/\r\n','en'),(20,'Marc de Blanchard est un artiste protéiforme vivant à Rennes. Designer graphique, illustrateur, plasticien et musicien, il développe des univers curieux et déroutants, souvent inspirés par le domaine scientifique et biologique.\r\nMusicien autodidacte, il aime les sons qui craquent, les mélodies qui transportent et les rythmes tordus qu’il parsème d’extraits de films ou de bandes sonores obscures. Il cherche à confronter les genres dans un bricolage musical bancal et mélodique. Il réalise également de nombreux mixes, émissions et autres montages sonores qu’il diffuse sur Internet, sur des radios indépendantes ou en live sous forme de DJ sets sauvages agrémentés de projections vidéos.\r\nEn 2006, il commença à torturer par ordinateur ses propres mélodies qu’il improvise au piano. De ces jeux musicaux prendra source son premier album : « Hydraphony ». Sorti en 2010, cet album mêle musique classique, folklore traditionnel et expérimentations sonores. S’en suivra « Hypothermy », un EP teinté de psychobilly, d’electronica et d’envolées lyriques. Parallèlement, il débute une collaboration avec une harpiste pour développer Wezen, un spectacle visuel, musical et scénique.\r\nDe plus en plus actif musicalement, sa pratique est toujours en mouvement, en quête d’un univers à la fois cohérent et fantasmagorique, sans limite de genre ou de style.\r\nPour en savoir plus : http://marc.arette.free.fr/\r\n','fr');
/*!40000 ALTER TABLE `artist_translation` ENABLE KEYS */;
UNLOCK TABLES;

--
-- Table structure for table `content`
--

DROP TABLE IF EXISTS `content`;
SET @saved_cs_client     = @@character_set_client;
SET character_set_client = utf8;
CREATE TABLE `content` (
  `id` bigint(20) NOT NULL auto_increment,
  `links1` text,
  `links2` text,
  `footer_video` text,
  `created_at` datetime NOT NULL,
  `updated_at` datetime NOT NULL,
  PRIMARY KEY  (`id`)
) ENGINE=InnoDB AUTO_INCREMENT=2 DEFAULT CHARSET=latin1;
SET character_set_client = @saved_cs_client;

--
-- Dumping data for table `content`
--

LOCK TABLES `content` WRITE;
/*!40000 ALTER TABLE `content` DISABLE KEYS */;
INSERT INTO `content` VALUES (1,'<h2>Da ! Heard It Records</h2>\n<ul>\n  <li><a href=\"http://www.discogs.com/label/Da%20!%20Heard%20It%20Records\">Discogs</a></li>\n  <li><a href=\"http://www.dogmazic.net/Da__Heard_It_Records\">Dogmazic</a></li>\n  <li><a href=\"https://www.facebook.com/dahearditrecords\">Facebook</a></li>\n  <li><a href=\"http://freemusicarchive.org/label/Da__Heard_It_Records/\">Free Music Archive</a></li>\n  <li><a href=\"https://plus.google.com/102985904813984001814\">Google +</a></li>\n  <li><a href=\"http://www.lastfm.fr/label/Da+!+Heard+It+Records\">Last.fm</a></li>\n  <li><a href=\"https://twitter.com/#!/daheardit\">Twitter</a></li>\n  <li><a href=\"https://vimeo.com/channels/dahearditrecords\">Vimeo</a></li>\n</ul>\n<h2>Labels</h2>\n<ul>\n  <li><a href=\"http://www.8bitpeoples.com/\">8bitpeoples</a></li>\n  <li><a href=\"http://www.dataglitch.org\">Dataglitch</a></li>\n  <li><a href=\"http://www.darlingdada.com/\">Darling Dada</a></li>\n  <li><a href=\"http://www.egotwister.com/\">Ego Twister </a></li>\n  <li><a href=\"http://prootrecords.com/\">Proot Records</a></li>\n</ul>\n','<h2>Radios</h2>\n<ul>\n  <li><a href=\"http://www.mazemod.org/\">Mazemod</a></li>\n  <li><a href=\"http://musiqueapproximative.net/\">Musique Approximative</a></li>\n  <li><a href=\"http://www.ouiedire.net\">Ouïedire</a></li>\n  <li><a href=\"http://www.thebrainradio.com/\">The Brain</a></li>\n  <li><a href=\"http://www.thisisradioclash.org/\">Radio Clash</a></li>\n  <li><a href=\"http://want.benetbene.net/\">We Are Not Toys</a></li>\n</ul>\n<h2>Friends</h2>\n<ul>\n  <li><a href=\"http://www.ilbm.info/\">otro</a></li>\n  <li><a href=\"http://www.musiques-incongrues.net/forum/\">Musiques Incongrues</a></li>\n  <li><a href=\"http://www.nazzilla.com/\">Nazilla </a></li>\n  <li><a href=\"http://www.thibaulthuertas.com/\">Thibault Huertas</a></li>\n</ul>\n','<iframe src=\"http://player.vimeo.com/video/5997914?byline=0&amp;portrait=0\" width=\"350\" height=\"300\" class=\"infos_vids_embed\" frameborder=\"0\"></iframe>\n','2012-07-05 12:40:19','2012-07-05 12:40:19');
/*!40000 ALTER TABLE `content` ENABLE KEYS */;
UNLOCK TABLES;

--
-- Table structure for table `content_translation`
--

DROP TABLE IF EXISTS `content_translation`;
SET @saved_cs_client     = @@character_set_client;
SET character_set_client = utf8;
CREATE TABLE `content_translation` (
  `id` bigint(20) NOT NULL default '0',
  `informations` text,
  `greetings` text,
  `lang` char(2) NOT NULL default '',
  PRIMARY KEY  (`id`,`lang`),
  CONSTRAINT `content_translation_id_content_id` FOREIGN KEY (`id`) REFERENCES `content` (`id`) ON DELETE CASCADE ON UPDATE CASCADE
) ENGINE=InnoDB DEFAULT CHARSET=latin1;
SET character_set_client = @saved_cs_client;

--
-- Dumping data for table `content_translation`
--

LOCK TABLES `content_translation` WRITE;
/*!40000 ALTER TABLE `content_translation` DISABLE KEYS */;
INSERT INTO `content_translation` VALUES (1,'Da ! Heard it Records, created in 2006, is a net-label touching on Toyz-Pop, Electro Trash, Chiptune, Breakcore and Electro Punk among others, with a heavy leaning towards 8-bit music and pixel/net art.\nThe aim of this eclectic record company is to promote new artists and new types if music. D!HR is an outward-looking label, accessible to professional and amateur musicians alike, and to all types of listener, thanks to its policy of open and free culture and to the types of music it publishes.\nIts albums are distributed under a Creative Commons licence, encouraging sharing and reuse of the music.\nNow you can discover the musical universe of Da ! Heard It Records (Ben Et Bené, Xerak, Goto80, Mini Roc, Sidabitball, Sputnik Booster, Computer Truck, ...) on site\nBy subscribing to the rss feed or newsletter you will be kept informed of upcoming releases.\n','<a href=\"http://www.myspace.com/astroboiler/\">Astroboiler</a>,\n<a href=\"http://www.benetbene.net\">Ben Et Béné</a>,\n<a href=\"http://www.buskerdroid.com/\">Buskerdroid</a>,\n<a href=\"\">Bimbo Tower</a>,\n<a href=\"http://computertruck.parishq.net\">Computer Truck</a>,\n<a href=\"http://www.constructions-incongrues.net/\">Constructions Incongrues</a>\nDanielle Josset,\nDenni Montono,\n<a href=\"http://entter.com/\">Entter</a>,\n<a href=\"http://www.myspace.com/eatrabbit\">Eat Rabbit</a>,\nFita,\nGabriel,\n<a href=\"http://cochise.canalblog.com/\">Jacques Cochise</a>,\n<a href=\"http://www.julienbodechon.com/\">Julien Bodechon</a>,\n<a href=\"http://www.egotwister.com/guyom/index/\">[guÿôm]</a>,\n<a href=\"http//www.goto80.com\">Goto80</a>\n<a href=\"http://festen.fr\">Maryn</a>,\n<a href=\"http/www.miniroc.com\">Mini Roc</a>,\n<a href=\"http://www.mixcloud.com/DjFulciSeleKtone/\">Momo Seb</a>,\n<a href=\"http://valkiri.incongru.org\">Valkiri</a>,\n<a href=\"http://www.mobyone.net\">Mobyone</a>, \n<a href=\"http://www.ilbm.info\">Ilbm</a>,\n<a href=\"http://pastis-hosting.net\">Pastis Hosting</a>, \nPtite Gonze,\n<a href=\"http://puyopuyo.lautre.net/\">Puyo Puyo</a>,\n<a href=\"http://www.pocketmaster.ch/\">Pocketmaster</a>,\n<a href=\"http://templevengeance.incongru.org/\">Satanik Mike</a>,\n<a href=\"http://ww.myspace.com/sputnikbooster\">Sputnik Booster</a>,\n<a href=\"http://www.sidabitball.com/\">Sidabitball</a>,\n<a href=\"http://www.sidabitball.com/\">Sidabitball</a>,\n<a href=\"http://grogore.free.fr/\"\">Shoboshobo</a>,\n<a href=\"http://www.stereotype.ws/\">Stereotype</a>,\n<a href=\"http://roddroid.free.fr/\">Rod Droid</a>,\n<a href=\"http://www.thibaulthuertas.com/\">Thibault Huertas</a>,\nTom Woxom,\n<a href=\"http://www.vic-net.com/\">Vicnet</a>,\n<a href=\"http://www.xerak.com\">Xerak</a>\n','en'),(1,'Créé en 2006, Da ! Heard it Records est un net-label flirtant avec les musiques Toyz-Pop, Electro Trash, Chiptune, Breakcore, Techno Parodique, Electro Punk, Acid, etc, avec un goût prononcé pour le 8-bit et le pixel art. Label éclectique, il a pour ambition de promouvoir de nouveaux artistes et des nouvelles musiques. D!HR est un label ouvert au monde, tant aux artistes professionnels qu\'aux amateurs, accessible à tout auditeur de par sa position engagée sur la culture libre et gratuite et par la nature de ses publications. En effet, chaque sortie est téléchargeable gratuitement sur le site, dans divers formats audios et disponible en CD série limitée à un prix abordable. Les morceaux sont diffusés sous une licence Creative Commons, encourageant le partage et la réutilisation des œuvres.\n','<a href=\"http://www.myspace.com/astroboiler/\">Astroboiler</a>,\n<a href=\"http://www.benetbene.net\">Ben Et Béné</a>,\n<a href=\"http://www.buskerdroid.com/\">Buskerdroid</a>,\n<a href=\"http://bimbo.tower.free.fr/\">Bimbo Tower</a>,\n<a href=\"http://computertruck.parishq.net\">Computer Truck</a>,\n<a href=\"http://www.constructions-incongrues.net/\">Constructions Incongrues</a>\nDanielle Josset,\nDenni Montono,\n<a href=\"http://entter.com/\">Entter</a>,\n<a href=\"http://www.myspace.com/eatrabbit\">Eat Rabbit</a>,\nFita,\nGabriel,\n<a href=\"http://cochise.canalblog.com/\">Jacques Cochise</a>,\n<a href=\"http://www.julienbodechon.com/\">Julien Bodechon</a>,\n<a href=\"http://www.egotwister.com/guyom/index/\">[guÿôm]</a>,\n<a href=\"http://www.goto80.com\">Goto80</a>\n<a href=\"http://festen.fr\">Maryn</a>,\n<a href=\"http://www.miniroc.com/\">Mini Roc</a>,\nMomo Seb,\n<a href=\"http://valkiri.incongru.org\">Valkiri</a>,\n<a href=\"http://www.mobyone.net\">Mobyone</a>, \n<a href=\"http://www.ilbm.info\">Ilbm</a>\n<a href=\"http://pastis-hosting.net\">Pastis Hosting</a>, \nPtite Gonze,\n<a href=\"http://puyopuyo.lautre.net/\">Puyo Puyo</a>,\n<a href=\"http://www.pocketmaster.ch/\">Pocketmaster</a>,\n<a href=\"http://templevengeance.incongru.org/\">Satanik Mike</a>,\n<a href=\"http://ww.myspace.com/sputnikbooster\">Sputnik Booster</a>,\n<a href=\"http://www.sidabitball.com/\">Sidabitball</a>,\n<a href=\"http://grogore.free.fr/\"\">Shoboshobo</a>,\n<a href=\"http://www.stereotype.ws/\">Stereotype</a>,\n<a href=\"http://roddroid.free.fr/\">Rod Droid</a>,\n<a href=\"http://www.thibaulthuertas.com/\">Thibault Huertas</a>,\nTom Woxom,\n<a href=\"http://www.vic-net.com/\">Vicnet</a>,\n<a href=\"http://www.xerak.com\">Xerak</a>\n','fr');
/*!40000 ALTER TABLE `content_translation` ENABLE KEYS */;
UNLOCK TABLES;

--
-- Table structure for table `post`
--

DROP TABLE IF EXISTS `post`;
SET @saved_cs_client     = @@character_set_client;
SET character_set_client = utf8;
CREATE TABLE `post` (
  `id` bigint(20) NOT NULL auto_increment,
  `image` text,
  `slug` varchar(255) default NULL,
  `created_at` datetime NOT NULL,
  `updated_at` datetime NOT NULL,
  PRIMARY KEY  (`id`),
  UNIQUE KEY `post_sluggable_idx` (`slug`)
) ENGINE=InnoDB AUTO_INCREMENT=8 DEFAULT CHARSET=latin1;
SET character_set_client = @saved_cs_client;

--
-- Dumping data for table `post`
--

LOCK TABLES `post` WRITE;
/*!40000 ALTER TABLE `post` DISABLE KEYS */;
INSERT INTO `post` VALUES (6,'1.jpg','d-hr-is-back','2012-07-05 00:00:00','2012-07-05 12:40:19'),(7,'d37f8ae18b719ff1aafd0f200a0d8360acb859de.jpg','serenade-by-marc-de-blanchard','2012-11-26 13:50:45','2012-11-26 13:50:45');
/*!40000 ALTER TABLE `post` ENABLE KEYS */;
UNLOCK TABLES;

--
-- Table structure for table `post_translation`
--

DROP TABLE IF EXISTS `post_translation`;
SET @saved_cs_client     = @@character_set_client;
SET character_set_client = utf8;
CREATE TABLE `post_translation` (
  `id` bigint(20) NOT NULL default '0',
  `title` text,
  `body` text,
  `lang` char(2) NOT NULL default '',
  PRIMARY KEY  (`id`,`lang`),
  CONSTRAINT `post_translation_id_post_id` FOREIGN KEY (`id`) REFERENCES `post` (`id`) ON DELETE CASCADE ON UPDATE CASCADE
) ENGINE=InnoDB DEFAULT CHARSET=latin1;
SET character_set_client = @saved_cs_client;

--
-- Dumping data for table `post_translation`
--

LOCK TABLES `post_translation` WRITE;
/*!40000 ALTER TABLE `post_translation` DISABLE KEYS */;
INSERT INTO `post_translation` VALUES (6,'D!HR is back !','D!HR is ready for the summer with a brand-spanking-new site created by <a href=\"http://www.thibaulthuertas.com/\">Thibault Huertas</a> in collaboration with Constructions Incongrues. We give great thanks to Nazilla who designed the first version of the site. You can see Nazilla\'s new compositions on their site <a href=\"http://www.nazilla.com\">www.nazilla.com</a>. This is also a great opportunity to introduce the label\'s 18th release: Plan 9 des Robots Musiques (Plan 9 of the Music Robots), a Rod Droïd and Puyo Puyo duo! This album will make for a great accompaniment as you browse through our new site.\n','en'),(6,'D!HR est de retour !','D!HR se met à l\'heure d\'été avec un nouveau site tout beau tout propre realisé par <a href=\"http://www.thibaulthuertas.com/\">Thibault Huertas</a> en collaboration avec le bureau des Constructions Incongrues. Nous remercions infiniement Nazilla qui avait réalisé la premiere version du site, vous pouvez voir ses nouvelles compositions sur son site <a href=\"http://www.nazilla.com\">www.nazilla.com</a>.  C\'est aussi l\'occasion de vous présenter la 18ème release du label : Plan 9 des Robots Musiques ;  duo de Rod Droïd et Puyo Puyo ! Cet album vous accompagnera parfaitement pendant votre visite du nouveau site. \n','fr'),(7,'Serenade by Marc de Blanchard\r\n','<p>D!HR is ending november musicaly, and is proud to offer it\'s 19\'th release :\r\n\"Serenade\", by Marc Blanchard.</p>\r\n\r\n<p>A colorful and robotic EP, that we hope, will surprise you.</p>\r\n\r\n<p>To your headphones, now !</p>','en'),(7,'Serenade par Marc de Blanchard','<p>D!HR termine le mois de novembre en musique et est fier de vous présenter sa 19ème release : Serenade de Marc de Blanchard. </p>\r\n<p>Un EP coloré et robotique qui, nous l\'espérons, vous surprendra, et auquel nous souhaitons le plus grand succès. </p>\r\n<p>A vos écouteurs, toute ! </p>','fr');
/*!40000 ALTER TABLE `post_translation` ENABLE KEYS */;
UNLOCK TABLES;

--
-- Table structure for table `release`
--

DROP TABLE IF EXISTS `release`;
SET @saved_cs_client     = @@character_set_client;
SET character_set_client = utf8;
CREATE TABLE `release` (
  `id` bigint(20) NOT NULL auto_increment,
  `title` text,
  `sku` text,
  `released_at` date default NULL,
  `is_public` tinyint(1) default '1',
  `is_new` tinyint(1) default '0',
  `image1` text,
  `image2` text,
  `artist_id` bigint(20) default NULL,
  `paypal_id` text,
  `is_available` tinyint(1) default '1',
  `price` bigint(20) default '5',
  `links_press` text,
  `slug` varchar(255) default NULL,
  `created_at` datetime NOT NULL,
  `updated_at` datetime NOT NULL,
  PRIMARY KEY  (`id`),
  UNIQUE KEY `release_sluggable_idx` (`slug`),
  KEY `artist_id_idx` (`artist_id`),
  CONSTRAINT `release_artist_id_artist_id` FOREIGN KEY (`artist_id`) REFERENCES `artist` (`id`)
) ENGINE=InnoDB AUTO_INCREMENT=21 DEFAULT CHARSET=latin1;
SET character_set_client = @saved_cs_client;

--
-- Dumping data for table `release`
--

LOCK TABLES `release` WRITE;
/*!40000 ALTER TABLE `release` DISABLE KEYS */;
INSERT INTO `release` VALUES (1,'Rock the Boulevard, Reach the Bourgeois','D!HR-01','2007-09-06',1,0,'','',3,'5AZL7SJHW9DTG',1,5,'http://www.radiofrance.fr/chaines/france-culture2/emissions_ete/tentatives/fiche.php?diffusion_id=52425http://www.thefrenchtouch.org/tft/objet.php?objet=1752&session_tft_new=8ebe7f7077c450c635d99499373d69d0http://gratisvibes.com/post/2-step-8-bit/','dhr-01','2012-07-05 12:40:17','2012-10-06 17:17:33'),(2,'Digi-Dig','D!HR-02',NULL,1,0,NULL,NULL,5,'RTLDMM5DQKL2Y',1,5,'http://gratisvibes.com/post/goto80-and-digi-dig/\nhttp://www.culture-netlabel.com/content/view/144/63/\n','dhr-02','2012-07-05 12:40:17','2012-07-05 12:40:17'),(3,'Trip to Trip','D!HR-03','2007-04-14',1,0,'','',1,'JGY7S2LRHML66',0,5,'http://www.electrochoc.org/index.php?2007/06/05/323-ben-et-bene-da-heard-it-records-myspacehttp://www.thefrenchtouch.org/tft/objet.php?objet=2145','dhr-03','2012-07-05 12:40:17','2012-07-25 23:48:11'),(4,'Pixel Def','D!HR-04','2007-05-25',1,0,'','',16,'PYPDDAE2ZZ92L',1,5,'http://www.thefrenchtouch.org/tft/objet.php?objet=2138','dhr-04','2012-07-05 12:40:17','2012-07-25 23:49:09'),(5,'Miniland','D!HR-05','2007-10-23',1,0,'','',8,'EBH7WQWHU478C',1,5,'http://www.musicaoltranza.net/','dhr-05','2012-07-05 12:40:17','2012-07-25 23:51:41'),(6,'Robot Science','D!HR-06','2008-06-05',1,0,'','',13,'P446RGPLZYFKS',1,5,'','dhr-06','2012-07-05 12:40:17','2012-07-25 23:52:22'),(7,'Grotesque','D!HR-07','2008-10-01',1,0,'','',12,'VHK2UMBMFCCLJ',1,5,'','dhr-07','2012-07-05 12:40:17','2012-07-25 23:53:30'),(8,'The Awareness of Raving Rabbit','D!HR-08','2008-12-01',1,0,'','',6,'FSXY892YCF3YG',1,5,'','dhr-08','2012-07-05 12:40:17','2012-07-25 23:54:37'),(9,'Kickstart','D!HR-09','2009-01-25',1,0,'','',14,'JHTCPCHH32X9Q',1,5,'','dhr-09','2012-07-05 12:40:17','2012-07-25 23:56:51'),(10,'Kiss the Dolphin','D!HR-10','2009-03-27',1,0,'','',4,'JHTCPCHH32X9Q',1,5,'','dhr-10','2012-07-05 12:40:17','2012-07-25 23:57:37'),(11,'Disco','D!HR-11','2009-09-07',1,0,'','',11,'KPSK56LY8W2RN',1,5,'','dhr-11','2012-07-05 12:40:17','2012-07-25 23:58:23'),(12,'Mr. Hadopi','D!HR-12','2010-01-10',1,0,'','',15,'6ZQL27VVGR3PL',1,5,'http://netlabelsrevue.blogspot.com/2010/04/vicnet-mr-hadopi.htmlhttp://www.etherreal.com/spip.php?article3562http://globaltechno.wordpress.com/2010/02/08/comment-faire-la-nique-a-la-loi-hadopi-telechargez-vicnet/','dhr-12','2012-07-05 12:40:17','2012-07-25 23:59:34'),(13,'Residue','D!HR-13','2010-10-01',1,0,'','',10,'FVHECLBV6TPMC',1,5,'http://www.poin-poin.com/dressez-vos-esgourdes-mainmenu-35/79-indusmusiques-nouvelles/777-pocketmaster-residue','dhr-13','2012-07-05 12:40:17','2012-07-26 00:00:35'),(14,'Astroboiler','D!HR-14','2010-01-21',1,0,'','',17,'6HMMP5W6Y8B9S',1,5,'http://etherreal.com/spip.php?article4106','dhr-14','2012-07-05 12:40:17','2012-07-26 00:01:31'),(15,'Robot','D!HR-15','2011-03-28',1,0,'','',14,'22SF6ZQ8HSY3U',1,5,'','dhr-15','2012-07-05 12:40:17','2012-07-26 00:03:03'),(16,'Gameboy Love EP','D!HR-16','2011-08-10',1,0,'','',2,'5KQHBCVEZSTKY',1,5,'','dhr-16','2012-07-05 12:40:17','2012-07-26 00:08:03'),(17,'Vengeance','D!HR-17','2011-10-23',1,1,'','',7,'JLTLFVP52F39G',1,5,'','dhr-17','2012-07-05 12:40:17','2012-07-26 00:10:36'),(18,'Plan 9','D!HR-18','2012-07-05',1,1,'','',18,'X9CACU5AN79EQ',1,5,'','dhr-18','2012-07-05 12:40:17','2012-07-26 00:12:28'),(20,'Serenade','D!HR-19','2012-11-26',1,1,'','',20,'GGHJGJLZWFD6N',1,5,'','dhr-19','2012-11-25 20:21:39','2012-11-26 13:47:41');
/*!40000 ALTER TABLE `release` ENABLE KEYS */;
UNLOCK TABLES;

--
-- Table structure for table `release_translation`
--

DROP TABLE IF EXISTS `release_translation`;
SET @saved_cs_client     = @@character_set_client;
SET character_set_client = utf8;
CREATE TABLE `release_translation` (
  `id` bigint(20) NOT NULL default '0',
  `presentation` text,
  `lang` char(2) NOT NULL default '',
  PRIMARY KEY  (`id`,`lang`),
  CONSTRAINT `release_translation_id_release_id` FOREIGN KEY (`id`) REFERENCES `release` (`id`) ON DELETE CASCADE ON UPDATE CASCADE
) ENGINE=InnoDB DEFAULT CHARSET=latin1;
SET character_set_client = @saved_cs_client;

--
-- Dumping data for table `release_translation`
--

LOCK TABLES `release_translation` WRITE;
/*!40000 ALTER TABLE `release_translation` DISABLE KEYS */;
INSERT INTO `release_translation` VALUES (1,'Under construction. Come back soon !\r\n','en'),(1,'En cours de rédaction. Revenez bientôt !\r\n','fr'),(2,'Under construction. Come back soon !\n','en'),(2,'En cours de rédaction. Revenez bientôt !\n','fr'),(3,'Bleep bleep punks Ben and Béné are piling up demos recorded in their kitchen since 2003. For the release of their EP on the Parisian net-label Da ! Heard It Records, they decided this time to pack up mics, computers and gameboy in their car.\r\nA few months later, this improvised move gave birth to Trip to Trip: 4 titles and 4 videos on a cd/dvd tracing their realistico-imaginary journey through 4 cities: a crime in Brest, a return to their roots in Comines-Komen (a Franco-Belgian city from their origins), a documentary on Paris and a dream in Boubek (imaginary town, half norman, half northern) on which they invited a native to set voice and text. True to their wacky minds, Trip to Trip is pop melodies, punk rage, a free spirit and 8bit sounds. An energetic voyage that will give you a taste for vacation...\r\n','en'),(3,'Les deux punks bleep bleep Ben et Béné accumulent les démos enregistrées dans leur cuisine depuis 2003. Pour la sortie de leur EP sur le net-label parisien Da ! Heard It Records, ils ont décidé, cette fois,d’embarquer micros, ordinateurs et gameboy dans leur voiture.\r\nQuelques mois plus tard, ce déménagement improvisé donne naissance à Trip to Trip : 4 titres et 4 vidéos sur un cd/dvd retraçant leur périple realistico-imaginaire à travers 4 villes : un crime à Brest, un retour aux sources à Comines-Komen (ville franco belge de leurs origines), un documentaire sur Paris et un rêve à Boubek (ville imaginaire moitié normande, moitié nordiste) sur laquelle ils ont invité un autochtone à poser voix et texte. Fidèles à leur esprit loufoque, Trip to Trip, ce sont des mélodies pop, de larage punk, un esprit free et des sons 8bit. Un voyage bien énergiquequi vous donnera le goût des vacances...\r\nL\'ep est en libre téléchargement sur www.daheardit-records.net.\r\n','fr'),(4,'Xerak offers us an over-vitamined, trash kawaii mutant concentrate with 8bit and techno punk sonorities, directly inspired by the American and Japanese comic book universe, pixel art, pop art as well as middle of the century sci-fi movie aesthetics.\r\n','en'),(4,'Xerak nous offre un concentré mutant trash kawaii survitaminé aux sonorités 8bits et techno punk directement inspiré de l’univers de la bande dessinée américaine et japonaise, du pixel art, du pop art, ainsi que dans l\'esthétique des films de science fiction du milieu du siècle.\r\n','fr'),(5,'Under construction. Come back soon !\r\n','en'),(5,'En cours de rédaction. Revenez bientôt !\r\n','fr'),(6,'This time, it is German born Sputnik booster who presents his new album Robot Science. Fifteen electrotrash/8bit pieces created with the sound chips of the Commodore 64, Nintendo Game Boy & Atari ST. The album comes with a front & back sleeve created by the dealer of pixel Otro.\r\nWith his new album, Sputnik Booster revisits and customizes our youth with talent. From the first seconds, Robot Science creates an psychological anti-wrinkler. Take out your Mickey shaped ear protectors and your Frizzy Pazzy candy bags, Sputnik along with his atypical copilot, Commodore 64 takes you on a musical road trip of over 50min on his flying Game boy.\r\nOn the way, he picks up the Atari to show us his vision of Disco, without forgetting the Commodore 64, Sputnik’s facetious copilot. You get it, Robot Science is a true breath of fresh air, bringing your chilhood memories down out of the attic.\r\n','en'),(6,'Cette fois-ci c\'est notre allemand Sputnik Booster qui vous propose son nouvel album Robot Science. Quinze morceaux Electrotrash/8-Bits produits grâce aux puces sonores des Commodore 64, Nintendo Game Boy & Atari ST. L\'album est accompagné d\'une pochette recto/verso réalisée par le dealeur de pixel Otro.\r\nAvec son nouvel album, Sputnik Booster revisite et customise notre jeunesse avec talent. Dès les premières secondes, Robot Science fait l\'effet d\'un antiride psychologique, ressortez vos protège-oreilles en forme de Mickey, et vos sachets de bonbons Frizzy pazzy, Sputnik et son copilote atypique, le Commodore 64 vous offrent un road trip musical de plus de 50mn enfourché sur sa Game Boy volante.\r\nSur la route, il prend l\'Atari en stop pour nous faire découvrir sa vision du Disco, sans oublier le Commodore 64, le copilote facétieux de Sputnik. Vous l\'aurez compris, Robot Science est une vraie bouffée d\'air frais, faisant redescendre du grenier nos vieux souvenirs d\'enfants.\r\n','fr'),(7,'Under construction. Come back soon !\r\n','en'),(7,'En cours de rédaction. Revenez bientôt !\r\n','fr'),(8,'Da ! Heard It Records opens up to new sonorities with the release of [Guÿôm]’s second album: \"The Awareness of Raving Rabbit\".\r\n[Guÿôm], capricious super hero and nut case, crosses through several musical spheres. The Little Prince may have visited seven planets, [Guÿôm] makes us discover nine through his pieces. This initiatory voyage with his imaginary friends (such as Big Doudou and the famous Billybob) allows him to become conscious of the absurdities that surround him.\r\nFor [Guÿôm], The world is in the image of his musical universe: without border. Well, danse now!\r\n','en'),(8,'Da ! Heard It Records s\'ouvre à des sonorités différentes de celles qu\'on lui connaît en sortant le second album de [Guÿôm] : \"The Awareness of Raving Rabbit\".\r\n[Guÿôm], super héros fantasque et fou furieux traverse différentes sphères musicales. Si le Petit Prince a visité sept planètes, [Guÿôm] nous en fait découvrir neuf au fil de ses morceaux. Ce voyage initiatique avec ses amis imaginaires (tels que Gros Doudou, et le fameux Billybob) lui permet de prendre conscience des absurdités qui l\'entourent.\r\nPour [Guÿôm], le monde est à l\'image de son univers musical : Sans Frontières. Et bien dansez maintenant !\r\n','fr'),(9,'Da ! Heard It Records is going back to the classics with its ninth production: \"Kickstart\", the first album by Tom Woxom, a German composer fascinated by the Amiga 500.\r\nWith help from his treasured computer, a couple of keyboards and software, Tom Woxom built himself a puzzling musical universe. Through ornate beats and powerful heady basses, this album lures the listener into multiple atmospheres. Tom Woxom dares unusual pairings, as in Sofachips, where he combines a soul voice with an electro melody on the verge of dance music.\r\nDiscover this innovative artist by downloading his album for free\r\n','en'),(9,'Da ! Heard It Records révise ses classiques avec sa neuvième production : « Kickstart », le premier album de l\'allemand Tom Woxom, compositeur passionné par l\'Amiga 500.\r\nÀ l\'aide de son ordinateur fétiche, de quelques logiciels et claviers, Tom Woxom s\'est créé un univers musical déroutant. Une rythmique étoffée, des basses entêtantes et puissantes, cet album entraîne l\'auditeur dans de multiples ambiances. Tom Woxom ose des mariages inattendus, comme dans Sofachips où il assemble une voix soul avec une mélodie electro à la limite de la dance.\r\nDécouvrez un artiste innovant en téléchargeant gratuitement son album\r\n','fr'),(10,'Da ! Heard It Records gets down to a higher tempo, with the tenth release of the label: Kiss The Dolphin\r\nKiss the Dolphin is the third album of the Lyon-based Eat Rabbit; atypical one, cut into fourteen tracks that finally merge into one unique sound piece. A mish-mash of beats and rythmic madness, lined up with humor and brilliance by a mad rabbit determined to boost our auditive adrenalin.\r\nThe album cover is silkscreened and paw-made in a limited numbered edition by the rabbit himself, in different versions, including a phosphorescent one !\r\n« It\'s not hard to party» : download the electro-bootycore album here: http://www.daheardit-records.net/en/discography/dhr10/ and share it loud with your friends.\r\n','en'),(10,'Da ! Heard It Records passe au tempo supérieur avec la dixième sortie du label : Kiss the Dolphin.\r\nKiss the Dolphin , troisième opus du lyonnais Eat Rabbit, est un album atypique, scindé en quatorze titres pour au final n\'en former qu\'un.\r\nVéritable pièce sonore au rythme effréné, Kiss the Dolphin est un méli-mélo de beats enchaînés avec humour et intelligence par un lapin bien décidé à faire monter notre adrénaline auditive.\r\nSérigraphiée et numérotée, la pochette de l\'album a été confectionnée par l\'artiste lui-même, dans plusieurs versions différentes dont une phosphorescente.\r\n« It\'s not hard to party » : téléchargez l\'album electro-bootycore l\'adresse suivante http://www.daheardit-records.net/fr/discographie/dhr10/ et faites en profiter vos amis.\"\r\n','fr'),(11,'Disco is the sixth production from the charismatic Puyo Puyo. This latest release puts forward a rather large selection of electronic pop references, giving prominent parts to voice and groovy melodies. This album is a delicious witches brew of German new-wave, Psychopolka, Turbopop and that little Puyesque je-ne-sais-quoi, iodiosyncratic dissonant melodies, glitch and kitsch licks.\r\nSharp uptempo beats adventurously push the thirteen tracks into the punctuated fiefdom of the punchy manifesto (P is for Puyo, Eddie the Head), as well as into the incantatory refrains of 80\'s keyboards (Up and away, Amour), while passing through acid-disco (Grave Groove), industrial-cinematic (Robot robot, Six kings six pigs) and even dark-wave (I fall, completely berserkte, Spleen)\r\nEach composition creates a sonic universe with a singular narrative, appealing like a love song earworm and often with wake-up-the-dead energy. Please download - for free! - all thirteen tracks of Puyo puyo goes disco at http://www.daheardit-records.net/en/discography/dhr11/ And no matter what.... Play it loud!\r\n','en'),(11,'Sixième production du charismatique Puyo Puyo, \"Disco\" s\'offre comme un grand mix de références pop électroniques, qui fait la part belle à la voix et aux mélodies groovy. New new-wave allemande, Psychopolka, Turbopop ? Un peu de tout ça et un je-ne-sais-quoi Puyo Puyesque, avec son lot de mélodies dissonantes et de sonorités glitch et kitsch.\r\nBeats acérés et uptempo, les treize tracks s\'aventurent aussi bien dans les contrées scandées du manifeste punchy (P is for Puyo, Eddie the Head) que de la ritournelle incantatoire aux claviers eighties (Up and away, Amour), en passant par des chemins de traverse acid-disco (Grave Groove), industriel-cinématique (Robot robot, Six kings six pigs) ou encore dark-wave (I fall, tout en fureur et spleen ).\r\nChaque composition synthétise un univers sonore et narratif singulier, attachant comme une chanson d\'amour qui colle en boucle au cortex et souvent énergétique à réveiller les morts. Téléchargez gratuitement les treize titres de Puyo Puyo goes disco sur http://www.daheardit-records.net/fr/discographie/dhr11/ . Et surtout… Play it loud !\r\n','fr'),(12,'You can\'t judge a book by its cover. While Vicnet seems to mock future victims of the new Hadopi 2.0 law by welcoming with glee the Sarkozy government\'s initiative with his second album Mr. Hadopi, this album is more of a cry against an ubiquitous hypocrisy and a vibrant ode to free culture. Penniless and starving from long months of finicky work in the cold on this free album, he limited his desires-and eating habits- to the bare minimum, and changed his methods to create a purer music, less digital and warmer: a technoid and monstrously funky pump, lively and hyperactive. While you could consider it a maturity album, to Vicnet, it is more of a rejuvenation: he describes his productions for the label Da! Heard It Records as an \"old man\'s music for young people\".\r\nCreated, among other things, with his Roland SH-101 found in a Monaco trashcan, his TB-303 and various synthesized voices, Vicnet gives us a viscerally electro album, with mixed influences and memories evoking Egyptian Lover under MDMA. Regurgitated traces of sounds gathered from malls, gas stations and streets, taken in, digested and reconstructed by Vincent\'s lo-fi vision make the Mr Hadopi listening experience like admiring a Sagrada Familia rearranged and rebuilt life size with lego blocks.\r\nMr. Hadopi by Vicnet is illustrated by his acolyte Shoboshobo, with whom he created the \"Hassid house\" trio Moishemoishemoishele.\r\nYou can download Mr. Hadopi from the Da! Heard It Records website: http://www.daheardit-records.net/en/discography/dhr12/\r\nThe downloading of this file is free and requires no engagement, but is under your full responsibility. At your own risk, you may make as many copies of Mr Hadopi as you wish, and share it with your hacker friends.\r\n','en'),(12,'Il ne faut pas se fier aux apparences. Si Vicnet semble accueillir en fanfare l\'initiative du gouvernement Sarkozy, au nez et à la barbe des futures victimes de la jeune loi HADOPI 2.0, Mr Hadopi est plutôt un pamphlet contre l\'hypocrisie dominante et un hommage vibrant à la libre culture. Appauvri et affamé par de longs mois à fignoler dans le froid cet album gratuit, il a réduit ses désirs - et son alimentation - à l\'essentiel, et changé ses méthodes pour produire une musique plus épurée, moins digitale et plus chaleureuse: une pompe technoïde et monstrueusement funky, dansante et hyperactive. On pourrait parler d\'album de la maturité mais pour Vicnet, ça serait plutôt une cure de jouvence: il décrit ses productions pour le label Da ! Heard It Records comme de la \"musique de vieux pour les jeunes\".\r\nRéalisé entre autres avec son Roland SH-101 sauvé d\'une poubelle à Monaco, sa TB-303 ainsi que diverses voix de synthèse, Vicnet nous offre un album viscéralement electro, un mélange touffu d\'influences et de souvenirs qui évoque du Egyptian Lover sous MDMA. Régurgitations de traces sonores glanées en voyage dans la rue, les grands magasins, les stations-service, consommées en speed au casque, digérées et reconstituées par la vision lo-tech de Vicnet, écouter Mr. Hadopi donne l\'impression d\'admirer une Sagrada Familia bricolée, remontée grandeur nature en blocs de Lego.\r\nMr. Hadopi de Vicnet est illustré par son acolyte Shoboshobo, avec lequel il a crée le trio \"hassid house\" Moishemoishemoishele.\r\nVous pouvez télécharger Mr. Hadopi sur le site de Da ! Heard It Records : http://www.daheardit-records.net/fr/discographie/dhr12/\r\nCe téléchargement est gratuit et sans engagement, mais sous votre entière responsabilité. A vos risques et périls, vous pouvez faire de Mr Hadopi autant de copies que vous le souhaitez et le partager avec vos amis hackers.\r\n','fr'),(13,'Residue is Swiss duo Pocketmaster\'s first album. \r\nAfter the festive EP Tin Guerilla (2008/self-produced), the Cube-C and Emiglio Laser duo abandons self-production to release its first label album.\r\nUsed to lowtech manipulations and samples from old chips, toys or other various sources, this time, Pocketmaster chose to surprise us by preserving the sound card\'s raw sound, without manipulation. A certain image-radical-purety! \r\nThe album is thus concocted entirely from the Game-boy and Commodore 64 duo, spiced up with all sorts of samples and a few old synthesizers, all recorded in a record time. The result is a twelve tracker, fresh and joyful, in the spirit of the duo\'s over-vitamin live performances.\r\nYet, the two artists don\'t hesitate to have their pieces drift through several musical universes. In addition to a track remixed my Stu, and a Naomi Sample cover, Residue offers the listeners a magnificent cover of the \"It Crowd\" series\' credits. \r\nContrary to its title \"Residue\", which means leftover, or relics, this first album is innovative and illustrates the wacky duo\'s wish to always surpass themselves.\r\n','en'),(13,'Residue est le premier album du duo suisse Pocketmaster. \r\nApres le festif EP Tin Guerilla (2008/auto-produit), le duo formé par Cube-C et Emiglio Laser quitte les bancs de l\'auto-production pour sortir son premier album signé sur un label.\r\nHabitué des manipulations lowtech et samples de vieilles puces, jouets ou sources variées, Pocketmaster a choisi cette fois de nous surprendre et de conserver le son brut des carte son, sans manipulations. Une certaine image – radicale – de la pureté ! \r\nL\'album est donc entièrement concocté à partir du duo de Game-boy et de Commodore 64, épicé par toutes sortes de samples et de quelques vieux synthétiseurs, le tout, enregistré en un temps record. Le résultat est un douze titres frais et joyeux, dans l\'esprit des lives survitaminés du duo.\r\nLes deux artistes n\'hésitent cependant pas à faire dériver leurs morceaux dans plusieurs univers musicaux. En plus d\'un titre remixé par Stu, et d\'une reprise de Naomi Sample, Residue offre aux auditeurs une magnifique reprise du générique de la série \"It Crowd\". \r\nA l\'opposé de son titre \"Residue\" qui signifie restes, ou reliques, ce premier disque est un album innovant, illustrant la volonté des deux farfelus de toujours se dépasser.\r\n','fr'),(14,'Astroboiler is an explosive project composed by a protean artiste prominent in the micromusic community in 1991. Acid music producer today, with the album Astroboiler, he delivers a whole new universe. Today, Da! Heard It Records republishes this album initially released on cassette tape.\r\nThis rather mysterious recording made in 1995 both plunges us in a movie soundtrack atmosphere and makes us think about the industrial and experimental scene of the 80s, with bands such as Sutcliffe Jügend in England or David Lee Myers in the US. The music is comparable to electronica or IDM, abstract hip hop, sometimes even breakcore, you can see a certain ressemblance with Autechre’s music, a band that emerged around the same time as this album came out.\r\nIn seven pieces, Astroboiler tells a strange sonorous story, with special attention given to timbre. Indeed, several sound sources are manipulated, such as analog synthesizers, concrete sounds, and acoustic instruments (later modified) as you will hear in the first piece with its melodic section played on the harp.\r\nIt is a very personal and abstract album. It takes its listeners into a bipolar atmosphere, keeping in the background a constant cold, austere, perhaps even disturbing loom, which through careful dosage, sometimes lets out warm and soothing colors.\r\nThe piece titles are purely functional (each title is the timing of the piece), reflecting the minimalist character of the album.\r\nIn fact, the album has no name, eponymous album or simple desire to evoke nothing, as if to prevent anything from becoming a distraction from the music.\r\nThe artwork was created by Nazzilla, who successfully captured the artist’s universe. The sleeve is just as abstract as the pieces, thus rendering what we are about to hear.\r\nGet a direct ticket for a celestial universe by downloading the album: http://www.daheardit-records.net/en/discography/dhr14/\r\n','en'),(14,'Astroboiler est un projet détonnant composé par un artiste protéiforme, présent au sein de la communauté micromusic en 1999, producteur d\'Acid music aujourd’hui, avec l’album Astroboiler il nous livre un tout autre univers. Da ! Heard Record réédite aujourd’hui cet album initialement sorti sur cassette audio.\r\nCet enregistrement assez mystérieux réalisé en 1995 nous plonge à la fois dans une ambiance de musiques de films tout en nous faisant songer à la scène industrielle et expérimentale des années 80 avec des groupes comme Sutcliffe Jügend en Angleterre ou ceux de David Lee Myers aux Etats-Unis. Sa musique est aussi assimilable aux genres electronica ou IDM, abstract hip hop, parfois même breakcore, on peut y voir une certaine similitude avec la musique d’Autechre, groupe qui émerge au même moment que la création de cet album.\r\nAstroboiler raconte en sept morceaux une histoire sonore singulière, avec une attention particulière portée sur le timbre. En effet, plusieurs sources sonores sont manipulées telles que celles de synthétiseurs analogiques, de sons concrets, ou bien de sons d’instruments acoustiques (remodifiés par la suite) comme vous pourrez l’entendre sur le premier morceau avec la section mélodique réalisée à la harpe.\r\nC’est un album très personnel et abstrait, Il emmène son auditeur dans une atmosphère bipolaire avec toujours en trame de fond un caractère froid, austère, sombre voir parfois dérangeant qui par un savant dosage laisse émerger par instants des couleurs chaudes et apaisantes.\r\nLes titres des morceaux sont purement fonctionnels (chaque titre est le minutage de chaque morceau) , reflétant le caractère minimaliste de l’album. L’album n’a d’ailleurs pas de nom, album éponyme ou bien simple volonté de ne rien vouloir évoquer, comme si rien ne devait détourner l’attention de la musique.\r\nL’artwork a été réalisé par Nazzilla, qui a sû cerner l’univers de l’artiste. La pochette est tout aussi abstraite que les morceaux comme une évocation à ce qu’on s’apprête à entendre.\r\nPrenez un aller direct pour un univers céleste en téléchargeant l’album http://www.daheardit-records.net/fr/discographie/dhr14/\r\n','fr'),(15,'Robot, a new album by Tom Woxom\r\nRobot is the 2nd album from the German artist Tom Woxom, and marks the 15th release from Da! Heard It Records. This album is more personal and more polished : the Amiga 500 specialist has added a pinch of Gameboy Classic and some Commodore 64. Dedicated robot rights activist, Tom Woxom devotes this album and most of its tracks to them. He fights for a more equal world, and freedom of the robots.\r\nIt’s an 8-bit electro work, which some will sometimes venture to call “technoid”, the perfect word to conceptualize his artistic approach. As in his first album, Tom used sounds generated directly by his Amiga, the C64 or the DMG-01 and modified them in several ways. Best Amigavocals through a Vocoder.\r\nJust taking one track, Ro or Nanobot, who cares? is a perfect example of Tom using his Amiga 500 for vocals. Amiga sonorities arranged in throbbing rythms set this track apart by its clarity and beauty.\r\nA bit of help by Low Bit Revolte during post-prodution rendered the end product more sleek and sparkly. Robot is an personal, almost intimate album but Tom Woxom nonetheless he is honored by Low Bit Revolte and Rico Zerone remixing two of his tracks.\r\nUndeniably, Robot has opened a new page in Tom’s book of music. One definitely recognizes the mark of the artist, refined, affirmed and enriched by his artistic research.\r\nDownload this free album here : http://www.daheardit-records.net/en/discography/dhr15/\r\n','en'),(15,'Robot, un nouvel album signé Tom Woxom\r\nQuinzième production de Da ! Heard It Records , Robot est le second album de l’allemand Tom Woxom. Album plus personnel et plus abouti que le précédent, l’artiste a ajouté à son univers une légère touche de game boy et Commodore64. Fervent défenseur du droit des robots, Tom Woxom leur dédie son album ainsi que la plupart de ses titres. Il millite pour un monde moins hostile aux robots, plus égalitaire.\r\nUn album 8bit electro, que certains s’amuseront parfois à décrire comme “technoid”, un mot parfait pour imager son approche artistique. Comme sur son premier album Tom à utilisé des sons d\'Amiga, de C64 et de DMG-01 qu\'il modifie par la suite , notamment à l\'aide d\'un vocoder.\r\nPour ne parler que d’un seul titre Ro or nanobot, who cares ? est un parfait exemple de l\'utilisation vocale que fait Tom de son Amiga 500. Accompagné de sonorités typiquement Amiga et d\'une rythmique lancinante, ce titre se démarque de l\'album par sa clarté et sa beauté.\r\nAidé par Low Bit Revolte en post-production, le rendu final est plus léché, plus cristallin. Robot est un album personnel et intimiste , mais Tom Woxom a tout de même laissé carte blanche à Low Bit Revolte et Rico Zerone pour le remix de deux morceaux.\r\nRobot ouvre incontestablement une nouvelle page dans la musique de Tom. On y retrouve la patte reconnaissable de l’artiste, affinée, affirmée et enrichie par ses recherches artistiques.\r\nTéléchargez gratuitement le nouvel album de Tom ici : http://www.daheardit-records.net/fr/discographie/dhr15/\r\n','fr'),(16,'Gameboy Love EP is the new album by the hyperactive Italian chiptuner Buskerdroid. It comprises 5 tracks made exclusively using the LSDJ software.\r\nThis 16th original Da! Heard It Records production is back to the basics : 8bit music!\r\nBuskerdroid offers his listeners some serious energy through his doped-up sounds. Taking no prisoners, he drags his Gameboy into the most unexpected corners by creating hybrid tracks combining 8bit and hardtek.\r\nGameboy Love EP will leave you breathless, it’s short, clear and concise, leaving the listener in an over-excited, confused and crazed state of mind. The title track 3D(istortion), to mention just one,submerge the listener into an absurd universe thanks to its relentless rythm and throbbing melody.\r\nGameboy Love EP is meant for connoisseurs of the chiptune movement, but also for fanatics of much more violent electro styles.\r\nWhy wait? Download Gameboy Love EP here now!\r\n','en'),(16,'Nouvel album du chiptuner italien et hyperactif Buskerdroid, Gameboy Love EP contient cinq morceaux intégralement composés à l’aide du logiciel LSDJ, seizième production sur le label Da ! Heard It Records celle-ci s’annonce comme un retour aux sources : la musique 8bit .\r\nBuskerdroid offre à ses auditeurs une musique véritablement énergique de part son son survitaminé. L’artiste est sans concessions, il emmène sa gameboy dans ses plus étonnants retranchements en créant des morceaux hybrides mêlant 8bit et hardtek.\r\nGameboy Love EP coupe le souffle de son auditeur, c’est un EP net, court et concis laissant son auditeur dans un état de sur-excitation, d’incompréhension et de frustration. Le titre 3D(istortion) , pour ne citer que lui, submerge son auditeur dans un univers saugrenu, grâce à son rythme effréné et sa mélodie lancinante.\r\nGameboy Love EP s’adresse aux connaisseurs de la mouvance chiptune mais aussi aux amoureux d’autres mouvements electro bien plus violents.\r\nN’attendez pas, téléchargez Gameboy Love EP ici dès maintenant.\r\n','fr'),(17,'Da ! Heard It Records is proud to present Vengeance, its 17th uncommon production. Flying the colors of vengeance, this album is a real head-butt to love.\r\nJacques Cochise does not do things half-ass : his album doesn’t smooth around the corners, he collides with them head on : 10m39s or uncut exhuberance.\r\nVengeance is first and foremost a personal album, a message to a girl. That doesn’t mean that Jacques has abandoned the concept of melody, in fact he proves himself once again as clear and effective.\r\nThe artwork was designed by Satanik Mike, a graphical artist also in love with vengeance and mutilated by love.\r\n','en'),(17,'Da ! Heard It Records est fier de vous présenter Vengeance, une dix-septième production peu commune. Placé sous le signe de la vengeance, cet album est un véritable coup de boule à l’amour.\r\nJacques Cochise, jeune artiste multi-supports ne fait pas les choses à moitié. Son album n’arrondit pas les angles, il rentre dedans : 10mn39 d’exutoire sans mesure.\r\nVengeance est avant tout un album personnel , un message à une fille . Jacques n’a pas délaissé la mélodie pour autant. Une fois de plus, il s’avère net et efficace.\r\nL’artwork a été réalisé sur mesure par Satanik Mike, un graphiste lui aussi amoureux de la vengeance et mutilé de l’humour.\r\nExutoire, antidépresseur et musicalement magique, cet album séduira tout autant les mutilés de l’amour que les autres, téléchargez le sans attendre.\r\n','fr'),(18,'Coming from a far-away star aboard an interplanetary ship, Rod Droïd and Puyo Puyo were getting ready for a triumphant galactic tour in the heart of the imperial orchestra. Suddenly, their space engine exploded in midflight during a meteor shower. Propelled into the stratosphere, our two robot companions were thus projected to Earth, and more precisely, to Nantes, France. Assuming a human appearance, they immediately set to do the only things they knew how, music and concerts, in order to survive in this hostile environment thousands of light-years away from home. The Music Robots were born.\r\nThe duo is naturally reminiscent of Kriktoian folklore, only more offensive as far as rhythm goes. Their lyrics are simple (they are robots after all) and as light as the Hwagaagaa poems of their childhood. As for their sense of melody, it unmistakably evokes the engaging airs of Gamma Leonis and of Celestia, two stars famous for their happy tunes. Their pieces are short, efficient, and perfect for crazy, metallic choreographies.\r\nA few months ago, Da! Heard it Records-always on the lookout for new talents-heard of this droidesque duo and decided to have them sign on its digital label. The robots, not knowing how to sign, simply waved their hands hello\r\n\r\nArtwork by Stereotype','en'),(18,'Venus tous deux d\'une étoile lointaine à bord d\'un vaisseau interplanétaire,  Rod Droïd et Puyo Puyo s\'apprêtaient à faire une tournée galactique triomphale au sein de l\'orchestre impérial. Soudain, leur engin spatial explosa en vol dans une averse de météores. Précipités dans la stratosphère, nos deux compères robots furent alors projetés sur terre et plus précisément à Nantes, France. Ayant pris l\'apparence humaine, ils se remirent illico à faire la seule chose qu\'ils savaient faire : de la musique et des concerts, pour survivre dans cet environnement hostile, à des milliers d\'années-lumière de chez eux. Les Robots Musique étaient nés.\r\nLeur duo rappelle naturellement le folklore Kriktoïen, en plus offensif du point de vue rythmique. Leurs textes sont simples (n\'oublions pas que ce sont des robots) et légers comme les poèmes Hwagaagaa de leur enfance. Quant à leur sens de la mélodie, il évoque immanquablement les airs entraînants de Gamma Leonis et de Celestia, deux astres célèbres pour leurs happy tunes. Leurs morceaux sont courts, efficaces et parfaits pour les folles chorégraphies métalliques.  \r\nVoici quelques mois, Da! Heard it records, toujours en quête de nouveaux talents, eut vent de ce duo droïdesque et décida de le signer sur son label digital. Comme ils ne savaient pas signer, les Robots Musique firent simplement coucou avec la main.\r\n\r\nArtwork par Stereotype.','fr'),(20,'With this EP, hybrid musician Marc de Blanchard offers the listener a sound journey between field, computer, and chamber music. Sérénade is a cinematic EP marked with magic and levity, yet nostalgic and robotic at the same time. Music boxes and cracking sounds go face-to-face, finally creating an enchanting and catchy melody. Throughout the pieces, Sérénade reminds us of the mechanical and electronic carousels, the fun fair and its lights, the forest and its fauna. And Marc de Blanchard achieves his bet to thrust us into an all-new universe of monsters, electricity, and bird songs.\r\n \r\nAfter Astroboiler, and Vengeance, this 19th release fits itself into a will for eclecticism.\r\nDa! Heard it Records astonishes, thus confirming its ambition for discovery and exploration, and promising beautiful surprises in the months to come.\r\n \r\nDistributed under Creative Commons, the EP can be downloaded here:  http://www.daheardit-records.net/en/discography/dhr-19','en'),(20,'Avec cet EP, Marc de Blanchard, musicien hybride, propose à l’auditeur un voyage sonore entre musique de chambre, des champs et d’ordinateurs. Sérénade est un EP cinématique tout empreint de féerie et de légèreté, et pourtant nostalgique et robotique à la fois. Boîtes à musique et sons qui craquent s’y confrontent pour finalement créer une mélodie envoûtante et entraînante. Au fil des morceaux, Sérénade nous rappelle les manèges mécaniques et électroniques, la fête foraine et ses lumières, la forêt et sa faune. Et Marc de Blanchard réussit son pari de nous plonger dans un tout nouvel univers de monstres, d’électricité et de chants d’oiseau.\r\n\r\nAprès Astroboiler, et Vengeance, cette 19ème sortie s’inscrit dans une volonté d’éclectisme. Da ! Heard it Records surprend, confirme ainsi son ambition de découverte et d’exploration, et promet de belles surprises pour les mois à venir.\r\n\r\nDistribué sous Creative Commons, l’EP est téléchargeable ici : http://www.daheardit-records.net/fr/discography/dhr-19 ','fr');
/*!40000 ALTER TABLE `release_translation` ENABLE KEYS */;
UNLOCK TABLES;

--
-- Table structure for table `sf_guard_forgot_password`
--

DROP TABLE IF EXISTS `sf_guard_forgot_password`;
SET @saved_cs_client     = @@character_set_client;
SET character_set_client = utf8;
CREATE TABLE `sf_guard_forgot_password` (
  `id` bigint(20) NOT NULL auto_increment,
  `user_id` bigint(20) NOT NULL,
  `unique_key` varchar(255) default NULL,
  `expires_at` datetime NOT NULL,
  `created_at` datetime NOT NULL,
  `updated_at` datetime NOT NULL,
  PRIMARY KEY  (`id`),
  KEY `user_id_idx` (`user_id`),
  CONSTRAINT `sf_guard_forgot_password_user_id_sf_guard_user_id` FOREIGN KEY (`user_id`) REFERENCES `sf_guard_user` (`id`) ON DELETE CASCADE
) ENGINE=InnoDB DEFAULT CHARSET=latin1;
SET character_set_client = @saved_cs_client;

--
-- Dumping data for table `sf_guard_forgot_password`
--

LOCK TABLES `sf_guard_forgot_password` WRITE;
/*!40000 ALTER TABLE `sf_guard_forgot_password` DISABLE KEYS */;
/*!40000 ALTER TABLE `sf_guard_forgot_password` ENABLE KEYS */;
UNLOCK TABLES;

--
-- Table structure for table `sf_guard_group`
--

DROP TABLE IF EXISTS `sf_guard_group`;
SET @saved_cs_client     = @@character_set_client;
SET character_set_client = utf8;
CREATE TABLE `sf_guard_group` (
  `id` bigint(20) NOT NULL auto_increment,
  `name` varchar(255) default NULL,
  `description` text,
  `created_at` datetime NOT NULL,
  `updated_at` datetime NOT NULL,
  PRIMARY KEY  (`id`),
  UNIQUE KEY `name` (`name`)
) ENGINE=InnoDB DEFAULT CHARSET=latin1;
SET character_set_client = @saved_cs_client;

--
-- Dumping data for table `sf_guard_group`
--

LOCK TABLES `sf_guard_group` WRITE;
/*!40000 ALTER TABLE `sf_guard_group` DISABLE KEYS */;
/*!40000 ALTER TABLE `sf_guard_group` ENABLE KEYS */;
UNLOCK TABLES;

--
-- Table structure for table `sf_guard_group_permission`
--

DROP TABLE IF EXISTS `sf_guard_group_permission`;
SET @saved_cs_client     = @@character_set_client;
SET character_set_client = utf8;
CREATE TABLE `sf_guard_group_permission` (
  `group_id` bigint(20) NOT NULL default '0',
  `permission_id` bigint(20) NOT NULL default '0',
  `created_at` datetime NOT NULL,
  `updated_at` datetime NOT NULL,
  PRIMARY KEY  (`group_id`,`permission_id`),
  KEY `sf_guard_group_permission_permission_id_sf_guard_permission_id` (`permission_id`),
  CONSTRAINT `sf_guard_group_permission_group_id_sf_guard_group_id` FOREIGN KEY (`group_id`) REFERENCES `sf_guard_group` (`id`) ON DELETE CASCADE,
  CONSTRAINT `sf_guard_group_permission_permission_id_sf_guard_permission_id` FOREIGN KEY (`permission_id`) REFERENCES `sf_guard_permission` (`id`) ON DELETE CASCADE
) ENGINE=InnoDB DEFAULT CHARSET=latin1;
SET character_set_client = @saved_cs_client;

--
-- Dumping data for table `sf_guard_group_permission`
--

LOCK TABLES `sf_guard_group_permission` WRITE;
/*!40000 ALTER TABLE `sf_guard_group_permission` DISABLE KEYS */;
/*!40000 ALTER TABLE `sf_guard_group_permission` ENABLE KEYS */;
UNLOCK TABLES;

--
-- Table structure for table `sf_guard_permission`
--

DROP TABLE IF EXISTS `sf_guard_permission`;
SET @saved_cs_client     = @@character_set_client;
SET character_set_client = utf8;
CREATE TABLE `sf_guard_permission` (
  `id` bigint(20) NOT NULL auto_increment,
  `name` varchar(255) default NULL,
  `description` text,
  `created_at` datetime NOT NULL,
  `updated_at` datetime NOT NULL,
  PRIMARY KEY  (`id`),
  UNIQUE KEY `name` (`name`)
) ENGINE=InnoDB DEFAULT CHARSET=latin1;
SET character_set_client = @saved_cs_client;

--
-- Dumping data for table `sf_guard_permission`
--

LOCK TABLES `sf_guard_permission` WRITE;
/*!40000 ALTER TABLE `sf_guard_permission` DISABLE KEYS */;
/*!40000 ALTER TABLE `sf_guard_permission` ENABLE KEYS */;
UNLOCK TABLES;

--
-- Table structure for table `sf_guard_remember_key`
--

DROP TABLE IF EXISTS `sf_guard_remember_key`;
SET @saved_cs_client     = @@character_set_client;
SET character_set_client = utf8;
CREATE TABLE `sf_guard_remember_key` (
  `id` bigint(20) NOT NULL auto_increment,
  `user_id` bigint(20) default NULL,
  `remember_key` varchar(32) default NULL,
  `ip_address` varchar(50) default NULL,
  `created_at` datetime NOT NULL,
  `updated_at` datetime NOT NULL,
  PRIMARY KEY  (`id`),
  KEY `user_id_idx` (`user_id`),
  CONSTRAINT `sf_guard_remember_key_user_id_sf_guard_user_id` FOREIGN KEY (`user_id`) REFERENCES `sf_guard_user` (`id`) ON DELETE CASCADE
) ENGINE=InnoDB DEFAULT CHARSET=latin1;
SET character_set_client = @saved_cs_client;

--
-- Dumping data for table `sf_guard_remember_key`
--

LOCK TABLES `sf_guard_remember_key` WRITE;
/*!40000 ALTER TABLE `sf_guard_remember_key` DISABLE KEYS */;
/*!40000 ALTER TABLE `sf_guard_remember_key` ENABLE KEYS */;
UNLOCK TABLES;

--
-- Table structure for table `sf_guard_user`
--

DROP TABLE IF EXISTS `sf_guard_user`;
SET @saved_cs_client     = @@character_set_client;
SET character_set_client = utf8;
CREATE TABLE `sf_guard_user` (
  `id` bigint(20) NOT NULL auto_increment,
  `first_name` varchar(255) default NULL,
  `last_name` varchar(255) default NULL,
  `email_address` varchar(255) NOT NULL,
  `username` varchar(128) NOT NULL,
  `algorithm` varchar(128) NOT NULL default 'sha1',
  `salt` varchar(128) default NULL,
  `password` varchar(128) default NULL,
  `is_active` tinyint(1) default '1',
  `is_super_admin` tinyint(1) default '0',
  `last_login` datetime default NULL,
  `created_at` datetime NOT NULL,
  `updated_at` datetime NOT NULL,
  PRIMARY KEY  (`id`),
  UNIQUE KEY `email_address` (`email_address`),
  UNIQUE KEY `username` (`username`),
  KEY `is_active_idx_idx` (`is_active`)
) ENGINE=InnoDB AUTO_INCREMENT=11 DEFAULT CHARSET=latin1;
SET character_set_client = @saved_cs_client;

--
-- Dumping data for table `sf_guard_user`
--

LOCK TABLES `sf_guard_user` WRITE;
/*!40000 ALTER TABLE `sf_guard_user` DISABLE KEYS */;
INSERT INTO `sf_guard_user` VALUES (9,NULL,NULL,'bertier@constructions-incongrues.net','bertier','sha1','fd8a4efb1273dc97b242edcc7c5a066f','6cadd6bf19d169616f3273642d657ddcedbbfa7c',1,1,'2012-11-26 14:18:37','2012-07-05 12:40:17','2012-11-26 14:18:37'),(10,NULL,NULL,'bozoorak@gmail.com','bozoo','sha1','668924640d95bbdff4420270bb29fc38','3632db9649ad83cf42c29c1bdb71b181cd2c4c71',1,1,'2012-12-02 19:15:15','2012-07-05 12:40:17','2012-12-02 19:15:15');
/*!40000 ALTER TABLE `sf_guard_user` ENABLE KEYS */;
UNLOCK TABLES;

--
-- Table structure for table `sf_guard_user_group`
--

DROP TABLE IF EXISTS `sf_guard_user_group`;
SET @saved_cs_client     = @@character_set_client;
SET character_set_client = utf8;
CREATE TABLE `sf_guard_user_group` (
  `user_id` bigint(20) NOT NULL default '0',
  `group_id` bigint(20) NOT NULL default '0',
  `created_at` datetime NOT NULL,
  `updated_at` datetime NOT NULL,
  PRIMARY KEY  (`user_id`,`group_id`),
  KEY `sf_guard_user_group_group_id_sf_guard_group_id` (`group_id`),
  CONSTRAINT `sf_guard_user_group_group_id_sf_guard_group_id` FOREIGN KEY (`group_id`) REFERENCES `sf_guard_group` (`id`) ON DELETE CASCADE,
  CONSTRAINT `sf_guard_user_group_user_id_sf_guard_user_id` FOREIGN KEY (`user_id`) REFERENCES `sf_guard_user` (`id`) ON DELETE CASCADE
) ENGINE=InnoDB DEFAULT CHARSET=latin1;
SET character_set_client = @saved_cs_client;

--
-- Dumping data for table `sf_guard_user_group`
--

LOCK TABLES `sf_guard_user_group` WRITE;
/*!40000 ALTER TABLE `sf_guard_user_group` DISABLE KEYS */;
/*!40000 ALTER TABLE `sf_guard_user_group` ENABLE KEYS */;
UNLOCK TABLES;

--
-- Table structure for table `sf_guard_user_permission`
--

DROP TABLE IF EXISTS `sf_guard_user_permission`;
SET @saved_cs_client     = @@character_set_client;
SET character_set_client = utf8;
CREATE TABLE `sf_guard_user_permission` (
  `user_id` bigint(20) NOT NULL default '0',
  `permission_id` bigint(20) NOT NULL default '0',
  `created_at` datetime NOT NULL,
  `updated_at` datetime NOT NULL,
  PRIMARY KEY  (`user_id`,`permission_id`),
  KEY `sf_guard_user_permission_permission_id_sf_guard_permission_id` (`permission_id`),
  CONSTRAINT `sf_guard_user_permission_permission_id_sf_guard_permission_id` FOREIGN KEY (`permission_id`) REFERENCES `sf_guard_permission` (`id`) ON DELETE CASCADE,
  CONSTRAINT `sf_guard_user_permission_user_id_sf_guard_user_id` FOREIGN KEY (`user_id`) REFERENCES `sf_guard_user` (`id`) ON DELETE CASCADE
) ENGINE=InnoDB DEFAULT CHARSET=latin1;
SET character_set_client = @saved_cs_client;

--
-- Dumping data for table `sf_guard_user_permission`
--

LOCK TABLES `sf_guard_user_permission` WRITE;
/*!40000 ALTER TABLE `sf_guard_user_permission` DISABLE KEYS */;
/*!40000 ALTER TABLE `sf_guard_user_permission` ENABLE KEYS */;
UNLOCK TABLES;

--
-- Table structure for table `track`
--

DROP TABLE IF EXISTS `track`;
SET @saved_cs_client     = @@character_set_client;
SET character_set_client = utf8;
CREATE TABLE `track` (
  `id` bigint(20) NOT NULL auto_increment,
  `title` text,
  `number` bigint(20) default NULL,
  `release_id` bigint(20) default NULL,
  `slug` varchar(255) default NULL,
  `created_at` datetime NOT NULL,
  `updated_at` datetime NOT NULL,
  PRIMARY KEY  (`id`),
  UNIQUE KEY `track_sluggable_idx` (`slug`),
  KEY `release_id_idx` (`release_id`),
  CONSTRAINT `track_release_id_release_id` FOREIGN KEY (`release_id`) REFERENCES `release` (`id`)
) ENGINE=InnoDB AUTO_INCREMENT=948 DEFAULT CHARSET=latin1;
SET character_set_client = @saved_cs_client;

--
-- Dumping data for table `track`
--

LOCK TABLES `track` WRITE;
/*!40000 ALTER TABLE `track` DISABLE KEYS */;
INSERT INTO `track` VALUES (751,'Intro',1,1,'intro','2012-07-05 12:40:17','2012-07-05 12:40:17'),(752,'Complimenti',2,1,'complimenti','2012-07-05 12:40:17','2012-07-05 12:40:17'),(753,'Robocop (police system error)',3,1,'robocop-police-system-error','2012-07-05 12:40:17','2012-07-05 12:40:17'),(754,'Obtek - (Wankers United rmx)',4,1,'obtek-wankers-united-rmx','2012-07-05 12:40:17','2012-07-05 12:40:17'),(755,'Give\'em da boot',5,1,'give-em-da-boot','2012-07-05 12:40:17','2012-07-05 12:40:17'),(756,'Euritmix sux my dix',6,1,'euritmix-sux-my-dix','2012-07-05 12:40:17','2012-07-05 12:40:17'),(757,'The cave (',7,1,'the-cave','2012-07-05 12:40:17','2012-07-05 12:40:17'),(758,'I see zombie',8,1,'i-see-zombie','2012-07-05 12:40:17','2012-07-05 12:40:17'),(759,'Garage a gogo (John C.Holmes mix)',9,1,'garage-a-gogo-john-c-holmes-mix','2012-07-05 12:40:17','2012-07-05 12:40:17'),(760,'Cracovian scene (Feat Yann from benetbene)',10,1,'cracovian-scene-feat-yann-from-benetbene','2012-07-05 12:40:17','2012-07-05 12:40:17'),(761,'Damn noizy kidz',11,1,'damn-noizy-kidz','2012-07-05 12:40:17','2012-07-05 12:40:17'),(762,'Solidwanker in a nazi truckkk...(Feat Wankers United)',12,1,'solidwanker-in-a-nazi-truckkk-feat-wankers-united','2012-07-05 12:40:17','2012-07-05 12:40:17'),(763,'Mom',13,1,'mom','2012-07-05 12:40:17','2012-07-05 12:40:17'),(764,'Outro - insect.R.',14,1,'outro-insect-r','2012-07-05 12:40:17','2012-07-05 12:40:17'),(765,'Final outro - i see zombiezzz dark side & parallel dimen',15,1,'final-outro-i-see-zombiezzz-dark-side-parallel-dimen','2012-07-05 12:40:17','2012-07-05 12:40:17'),(766,'Flipside feat wanker united instru Rendered',16,1,'flipside-feat-wanker-united-instru-rendered','2012-07-05 12:40:17','2012-07-05 12:40:17'),(767,'Cp-l',1,2,'cp-l','2012-07-05 12:40:17','2012-07-05 12:40:17'),(768,'Datahell',2,2,'datahell','2012-07-05 12:40:17','2012-07-05 12:40:17'),(769,'Exy',3,2,'exy','2012-07-05 12:40:18','2012-07-05 12:40:18'),(770,'Bullcactus',4,2,'bullcactus','2012-07-05 12:40:18','2012-07-05 12:40:18'),(771,'Soft Commmando',5,2,'soft-commmando','2012-07-05 12:40:18','2012-07-05 12:40:18'),(772,'Monster',6,2,'monster','2012-07-05 12:40:18','2012-07-05 12:40:18'),(773,'Spill',7,2,'spill','2012-07-05 12:40:18','2012-07-05 12:40:18'),(774,'Markus',8,2,'markus','2012-07-05 12:40:18','2012-07-05 12:40:18'),(775,'Rofon',9,2,'rofon','2012-07-05 12:40:18','2012-07-05 12:40:18'),(776,'Datahell beta',10,2,'datahell-beta','2012-07-05 12:40:18','2012-07-05 12:40:18'),(777,'Brest',1,3,'brest','2012-07-05 12:40:18','2012-07-05 12:40:18'),(778,'Comines - Komen',2,3,'comines-komen','2012-07-05 12:40:18','2012-07-05 12:40:18'),(779,'Paris Ill Town',3,3,'paris-ill-town','2012-07-05 12:40:18','2012-07-05 12:40:18'),(780,'Boubek (Paroles par Michel Bertier)',4,3,'boubek-paroles-par-michel-bertier','2012-07-05 12:40:18','2012-07-05 12:40:18'),(781,'Jesus Mega Score Xxx',1,4,'jesus-mega-score-xxx','2012-07-05 12:40:18','2012-07-05 12:40:18'),(782,'Chopin Is A Fuckin\' Brother',2,4,'chopin-is-a-fuckin-brother','2012-07-05 12:40:18','2012-07-05 12:40:18'),(783,'Pixel Jazz X',3,4,'pixel-jazz-x','2012-07-05 12:40:18','2012-07-05 12:40:18'),(784,'The Binary Disco Killer',4,4,'the-binary-disco-killer','2012-07-05 12:40:18','2012-07-05 12:40:18'),(785,'Moshi Moshi Kiss',5,4,'moshi-moshi-kiss','2012-07-05 12:40:18','2012-07-05 12:40:18'),(786,'Bionic Samouraiii',6,4,'bionic-samouraiii','2012-07-05 12:40:18','2012-07-05 12:40:18'),(787,'Papi Danse',7,4,'papi-danse','2012-07-05 12:40:18','2012-07-05 12:40:18'),(788,'Delicious Peanut',8,4,'delicious-peanut','2012-07-05 12:40:18','2012-07-05 12:40:18'),(789,'Strawberries Panic',9,4,'strawberries-panic','2012-07-05 12:40:18','2012-07-05 12:40:18'),(790,'This Lovely Snake',10,4,'this-lovely-snake','2012-07-05 12:40:18','2012-07-05 12:40:18'),(791,'La Sphere De La Terre',11,4,'la-sphere-de-la-terre','2012-07-05 12:40:18','2012-07-05 12:40:18'),(792,'Distorsion Dimension',12,4,'distorsion-dimension','2012-07-05 12:40:18','2012-07-05 12:40:18'),(793,'Pxlcoucou',13,4,'pxlcoucou','2012-07-05 12:40:18','2012-07-05 12:40:18'),(794,'Hello! Hello! Hello!',1,5,'hello-hello-hello','2012-07-05 12:40:18','2012-07-05 12:40:18'),(795,'414',2,5,'414','2012-07-05 12:40:18','2012-07-05 12:40:18'),(796,'Oh Hoity - Toity Are We',3,5,'oh-hoity-toity-are-we','2012-07-05 12:40:18','2012-07-05 12:40:18'),(797,'Miniland',4,5,'miniland','2012-07-05 12:40:18','2012-07-05 12:40:18'),(798,'Select A',5,5,'select-a','2012-07-05 12:40:18','2012-07-05 12:40:18'),(799,'Bitter Bleeps',6,5,'bitter-bleeps','2012-07-05 12:40:18','2012-07-05 12:40:18'),(800,'It\'s A Long Way To The Top',7,5,'it-s-a-long-way-to-the-top','2012-07-05 12:40:18','2012-07-05 12:40:18'),(801,'Piepmatz',8,5,'piepmatz','2012-07-05 12:40:18','2012-07-05 12:40:18'),(802,'Rage Against The Highscore',9,5,'rage-against-the-highscore','2012-07-05 12:40:18','2012-07-05 12:40:18'),(803,'Miniland2',10,5,'miniland2','2012-07-05 12:40:18','2012-07-05 12:40:18'),(804,'Rave On You Zappelphilipp',11,5,'rave-on-you-zappelphilipp','2012-07-05 12:40:18','2012-07-05 12:40:18'),(805,'Intro / Jabberwocky',1,6,'intro-jabberwocky','2012-07-05 12:40:18','2012-07-05 12:40:18'),(806,'Prophet Punk',2,6,'prophet-punk','2012-07-05 12:40:18','2012-07-05 12:40:18'),(807,'Type your text',3,6,'type-your-text','2012-07-05 12:40:18','2012-07-05 12:40:18'),(808,'Firestorm',4,6,'firestorm','2012-07-05 12:40:18','2012-07-05 12:40:18'),(809,'I wanna be',5,6,'i-wanna-be','2012-07-05 12:40:18','2012-07-05 12:40:18'),(810,'Robot Science',6,6,'robot-science','2012-07-05 12:40:18','2012-07-05 12:40:18'),(811,'The land of the ghosts',7,6,'the-land-of-the-ghosts','2012-07-05 12:40:18','2012-07-05 12:40:18'),(812,'Oi! the Posers (Remix by Computer Truck)',8,6,'oi-the-posers-remix-by-computer-truck','2012-07-05 12:40:18','2012-07-05 12:40:18'),(813,'Rocket base',9,6,'rocket-base','2012-07-05 12:40:18','2012-07-05 12:40:18'),(814,'Syntax Error',10,6,'syntax-error','2012-07-05 12:40:18','2012-07-05 12:40:18'),(815,'Space Invaders (feat. Sirios Hack)',11,6,'space-invaders-feat-sirios-hack','2012-07-05 12:40:18','2012-07-05 12:40:18'),(816,'Monster Planet',12,6,'monster-planet','2012-07-05 12:40:18','2012-07-05 12:40:18'),(817,'Pit Stop',13,6,'pit-stop','2012-07-05 12:40:18','2012-07-05 12:40:18'),(818,'Computer Toy',14,6,'computer-toy','2012-07-05 12:40:18','2012-07-05 12:40:18'),(819,'Deutschland muss sterben (Slime Cover)',15,6,'deutschland-muss-sterben-slime-cover','2012-07-05 12:40:18','2012-07-05 12:40:18'),(820,'Red Lights',1,7,'red-lights','2012-07-05 12:40:18','2012-07-05 12:40:18'),(821,'The Dj Theory',2,7,'the-dj-theory','2012-07-05 12:40:18','2012-07-05 12:40:18'),(822,'Rez',3,7,'rez','2012-07-05 12:40:18','2012-07-05 12:40:18'),(823,'Break Bite',4,7,'break-bite','2012-07-05 12:40:18','2012-07-05 12:40:18'),(824,'Grotesque',5,7,'grotesque','2012-07-05 12:40:18','2012-07-05 12:40:18'),(825,'Kids On Acid',6,7,'kids-on-acid','2012-07-05 12:40:18','2012-07-05 12:40:18'),(826,'Tekmood',7,7,'tekmood','2012-07-05 12:40:18','2012-07-05 12:40:18'),(827,'Sputnik Brothers',8,7,'sputnik-brothers','2012-07-05 12:40:18','2012-07-05 12:40:18'),(828,'Fucked',9,7,'fucked','2012-07-05 12:40:18','2012-07-05 12:40:18'),(829,'Billybob Enquete',1,8,'billybob-enquete','2012-07-05 12:40:18','2012-07-05 12:40:18'),(830,'L\'hymne des nounours',2,8,'l-hymne-des-nounours','2012-07-05 12:40:18','2012-07-05 12:40:18'),(831,'Kawaii Nuigurumi',3,8,'kawaii-nuigurumi','2012-07-05 12:40:18','2012-07-05 12:40:18'),(832,'Le coup de blues des héros',4,8,'le-coup-de-blues-des-heros','2012-07-05 12:40:18','2012-07-05 12:40:18'),(833,'Sans frontières (awareness)',5,8,'sans-frontieres-awareness','2012-07-05 12:40:18','2012-07-05 12:40:18'),(834,'Gros doudou et le pays du libre échange',6,8,'gros-doudou-et-le-pays-du-libre-echange','2012-07-05 12:40:18','2012-07-05 12:40:18'),(835,'Harry pretty (c\'est beau la vie)',7,8,'harry-pretty-c-est-beau-la-vie','2012-07-05 12:40:18','2012-07-05 12:40:18'),(836,'Les angoisses existencielles de couin couin le canard',8,8,'les-angoisses-existencielles-de-couin-couin-le-canard','2012-07-05 12:40:18','2012-07-05 12:40:18'),(837,'...Eh bien ! dansez maintenant!',9,8,'eh-bien-dansez-maintenant','2012-07-05 12:40:18','2012-07-05 12:40:18'),(838,'Loading',1,9,'loading','2012-07-05 12:40:18','2012-07-05 12:40:18'),(839,'Chipset',2,9,'chipset','2012-07-05 12:40:18','2012-07-05 12:40:18'),(840,'This is Amiga speaking',3,9,'this-is-amiga-speaking','2012-07-05 12:40:18','2012-07-05 12:40:18'),(841,'Paula and Sid',4,9,'paula-and-sid','2012-07-05 12:40:18','2012-07-05 12:40:18'),(842,'Planet on',5,9,'planet-on','2012-07-05 12:40:18','2012-07-05 12:40:18'),(843,'Sofachips',6,9,'sofachips','2012-07-05 12:40:18','2012-07-05 12:40:18'),(844,'Electronic Mind',7,9,'electronic-mind','2012-07-05 12:40:18','2012-07-05 12:40:18'),(845,'Changemode',8,9,'changemode','2012-07-05 12:40:18','2012-07-05 12:40:18'),(846,'Kickstart',9,9,'kickstart','2012-07-05 12:40:18','2012-07-05 12:40:18'),(847,'Amigabass',10,9,'amigabass','2012-07-05 12:40:18','2012-07-05 12:40:18'),(848,'Woxom',11,9,'woxom','2012-07-05 12:40:18','2012-07-05 12:40:18'),(849,'Casiodream',12,9,'casiodream','2012-07-05 12:40:18','2012-07-05 12:40:18'),(850,'Flybass (Tom Woxom\'s Kickstart Edit)',13,9,'flybass-tom-woxom-s-kickstart-edit','2012-07-05 12:40:18','2012-07-05 12:40:18'),(851,'Chipset (Steve\'s Vocoder Dudez Version)',14,9,'chipset-steve-s-vocoder-dudez-version','2012-07-05 12:40:18','2012-07-05 12:40:18'),(852,'Waves of piss',1,10,'waves-of-piss','2012-07-05 12:40:18','2012-07-05 12:40:18'),(853,'Monsieur Dauphin',2,10,'monsieur-dauphin','2012-07-05 12:40:18','2012-07-05 12:40:18'),(854,'Aquatron',3,10,'aquatron','2012-07-05 12:40:18','2012-07-05 12:40:18'),(855,'Seagulls',4,10,'seagulls','2012-07-05 12:40:18','2012-07-05 12:40:18'),(856,'The book of the dead seahorses',5,10,'the-book-of-the-dead-seahorses','2012-07-05 12:40:18','2012-07-05 12:40:18'),(857,'Squid',6,10,'squid','2012-07-05 12:40:18','2012-07-05 12:40:18'),(858,'Caviar on a booty',7,10,'caviar-on-a-booty','2012-07-05 12:40:18','2012-07-05 12:40:18'),(859,'Black sharks',8,10,'black-sharks','2012-07-05 12:40:18','2012-07-05 12:40:18'),(860,'Save me flipper',9,10,'save-me-flipper','2012-07-05 12:40:18','2012-07-05 12:40:18'),(861,'Japanese plankton',10,10,'japanese-plankton','2012-07-05 12:40:18','2012-07-05 12:40:18'),(862,'Bouncing tale',11,10,'bouncing-tale','2012-07-05 12:40:18','2012-07-05 12:40:18'),(863,'Deep deep deep',12,10,'deep-deep-deep','2012-07-05 12:40:18','2012-07-05 12:40:18'),(864,'Whale burger',13,10,'whale-burger','2012-07-05 12:40:18','2012-07-05 12:40:18'),(865,'Hard to party',14,10,'hard-to-party','2012-07-05 12:40:18','2012-07-05 12:40:18'),(866,'Initials PP',1,11,'initials-pp','2012-07-05 12:40:18','2012-07-05 12:40:18'),(867,'Eddie The Head',2,11,'eddie-the-head','2012-07-05 12:40:18','2012-07-05 12:40:18'),(868,'Frankeistein Meets The Mummy',3,11,'frankeistein-meets-the-mummy','2012-07-05 12:40:18','2012-07-05 12:40:18'),(869,'The Village',4,11,'the-village','2012-07-05 12:40:18','2012-07-05 12:40:18'),(870,'Up And Away',5,11,'up-and-away','2012-07-05 12:40:18','2012-07-05 12:40:18'),(871,'Robo Robo',6,11,'robo-robo','2012-07-05 12:40:18','2012-07-05 12:40:18'),(872,'Amour',7,11,'amour','2012-07-05 12:40:18','2012-07-05 12:40:18'),(873,'Lazy',8,11,'lazy','2012-07-05 12:40:18','2012-07-05 12:40:18'),(874,'Grave Groove',9,11,'grave-groove','2012-07-05 12:40:18','2012-07-05 12:40:18'),(875,'Youpeeya',10,11,'youpeeya','2012-07-05 12:40:18','2012-07-05 12:40:18'),(876,'Mechanical Man',11,11,'mechanical-man','2012-07-05 12:40:18','2012-07-05 12:40:18'),(877,'Six Kings, Six Pigs',12,11,'six-kings-six-pigs','2012-07-05 12:40:18','2012-07-05 12:40:18'),(878,'I Fall',13,11,'i-fall','2012-07-05 12:40:18','2012-07-05 12:40:18'),(879,'Swiss Underwater',1,12,'swiss-underwater','2012-07-05 12:40:18','2012-07-05 12:40:18'),(880,'Sms',2,12,'sms','2012-07-05 12:40:18','2012-07-05 12:40:18'),(881,'Handicapped Lover',3,12,'handicapped-lover','2012-07-05 12:40:18','2012-07-05 12:40:18'),(882,'Mr. Hadopi',4,12,'mr-hadopi','2012-07-05 12:40:18','2012-07-05 12:40:18'),(883,'Aphte 707',5,12,'aphte-707','2012-07-05 12:40:18','2012-07-05 12:40:18'),(884,'Chinese Sportswear',6,12,'chinese-sportswear','2012-07-05 12:40:18','2012-07-05 12:40:18'),(885,'Up And Down',7,12,'up-and-down','2012-07-05 12:40:18','2012-07-05 12:40:18'),(886,'Acid Liver',8,12,'acid-liver','2012-07-05 12:40:18','2012-07-05 12:40:18'),(887,'Paper Eyeballs Part XXIII',9,12,'paper-eyeballs-part-xxiii','2012-07-05 12:40:18','2012-07-05 12:40:18'),(888,'Paper Eyeballs Part XXIV',10,12,'paper-eyeballs-part-xxiv','2012-07-05 12:40:19','2012-07-05 12:40:19'),(889,'Feelgood - Jamie Lidell - Vicnet Mix',11,12,'feelgood-jamie-lidell-vicnet-mix','2012-07-05 12:40:19','2012-07-05 12:40:19'),(890,'Egyptian Night',12,12,'egyptian-night','2012-07-05 12:40:19','2012-07-05 12:40:19'),(891,'Dr. Sleepgood 2',1,13,'dr-sleepgood-2','2012-07-05 12:40:19','2012-07-05 12:40:19'),(892,'Crunch',2,13,'crunch','2012-07-05 12:40:19','2012-07-05 12:40:19'),(893,'Ninja Maggots',3,13,'ninja-maggots','2012-07-05 12:40:19','2012-07-05 12:40:19'),(894,'Wrong Calibration',4,13,'wrong-calibration','2012-07-05 12:40:19','2012-07-05 12:40:19'),(895,'Unsynthethisch',5,13,'unsynthethisch','2012-07-05 12:40:19','2012-07-05 12:40:19'),(896,'It Crowd Remix',6,13,'it-crowd-remix','2012-07-05 12:40:19','2012-07-05 12:40:19'),(897,'Mob',7,13,'mob','2012-07-05 12:40:19','2012-07-05 12:40:19'),(898,'Play The Game',8,13,'play-the-game','2012-07-05 12:40:19','2012-07-05 12:40:19'),(899,'Frag\'Em',9,13,'frag-em','2012-07-05 12:40:19','2012-07-05 12:40:19'),(900,'Information Rmx',10,13,'information-rmx','2012-07-05 12:40:19','2012-07-05 12:40:19'),(901,'Die Uhr Rmx',11,13,'die-uhr-rmx','2012-07-05 12:40:19','2012-07-05 12:40:19'),(902,'Epilog (Stu Rmx)',12,13,'epilog-stu-rmx','2012-07-05 12:40:19','2012-07-05 12:40:19'),(903,'12.49',1,14,'12-49','2012-07-05 12:40:19','2012-07-05 12:40:19'),(904,'11.28',2,14,'11-28','2012-07-05 12:40:19','2012-07-05 12:40:19'),(905,'7.35',3,14,'7-35','2012-07-05 12:40:19','2012-07-05 12:40:19'),(906,'8.22',4,14,'8-22','2012-07-05 12:40:19','2012-07-05 12:40:19'),(907,'4.53',5,14,'4-53','2012-07-05 12:40:19','2012-07-05 12:40:19'),(908,'10.17',6,14,'10-17','2012-07-05 12:40:19','2012-07-05 12:40:19'),(909,'7.47',7,14,'7-47','2012-07-05 12:40:19','2012-07-05 12:40:19'),(910,'Loading',1,15,'loading-1','2012-07-05 12:40:19','2012-07-05 12:40:19'),(911,'Diego',2,15,'diego','2012-07-05 12:40:19','2012-07-05 12:40:19'),(912,'Ro- Or Nanobot, Who Cares ?',3,15,'ro-or-nanobot-who-cares','2012-07-05 12:40:19','2012-07-05 12:40:19'),(913,'GTG',4,15,'gtg','2012-07-05 12:40:19','2012-07-05 12:40:19'),(914,'For Robots',5,15,'for-robots','2012-07-05 12:40:19','2012-07-05 12:40:19'),(915,'Guru Meditation',6,15,'guru-meditation','2012-07-05 12:40:19','2012-07-05 12:40:19'),(916,'Synthetisator',7,15,'synthetisator','2012-07-05 12:40:19','2012-07-05 12:40:19'),(917,'Herz Aus Gold',8,15,'herz-aus-gold','2012-07-05 12:40:19','2012-07-05 12:40:19'),(918,'Electric People',9,15,'electric-people','2012-07-05 12:40:19','2012-07-05 12:40:19'),(919,'Robot Or Nanobot ? | remix by Low Bit Revolte',10,15,'robot-or-nanobot-remix-by-low-bit-revolte','2012-07-05 12:40:19','2012-07-05 12:40:19'),(920,'For Robots Friendly Floater Mix | remixed by Rico Zerone',11,15,'for-robots-friendly-floater-mix-remixed-by-rico-zerone','2012-07-05 12:40:19','2012-07-05 12:40:19'),(921,'Blast',1,16,'blast','2012-07-05 12:40:19','2012-07-05 12:40:19'),(922,'Gameboy Love',2,16,'gameboy-love','2012-07-05 12:40:19','2012-07-05 12:40:19'),(923,'God Bless His Mess',3,16,'god-bless-his-mess','2012-07-05 12:40:19','2012-07-05 12:40:19'),(924,'3D(istortion)',4,16,'3d-istortion','2012-07-05 12:40:19','2012-07-05 12:40:19'),(925,'I Want You',5,16,'i-want-you','2012-07-05 12:40:19','2012-07-05 12:40:19'),(926,'Intro',1,17,'intro-1','2012-07-05 12:40:19','2012-07-05 12:40:19'),(927,'Pourquoi',2,17,'pourquoi','2012-07-05 12:40:19','2012-07-05 12:40:19'),(928,'Fuck My Bitch',3,17,'fuck-my-bitch','2012-07-05 12:40:19','2012-07-05 12:40:19'),(929,'Pom Pom Girl',4,17,'pom-pom-girl','2012-07-05 12:40:19','2012-07-05 12:40:19'),(930,'Pensée',5,17,'pensee','2012-07-05 12:40:19','2012-07-05 12:40:19'),(931,'Loosdee',6,17,'loosdee','2012-07-05 12:40:19','2012-07-05 12:40:19'),(932,'Ex-Cuse',7,17,'ex-cuse','2012-07-05 12:40:19','2012-07-05 12:40:19'),(933,'Los Angeles',8,17,'los-angeles','2012-07-05 12:40:19','2012-07-05 12:40:19'),(934,'Planet 16',1,18,'planet-16','2012-07-05 12:40:19','2012-07-05 12:40:19'),(935,'Yo Yo Yo',2,18,'yo-yo-yo','2012-07-05 12:40:19','2012-07-05 12:40:19'),(936,'Droids Are Coming',3,18,'droids-are-coming','2012-07-05 12:40:19','2012-07-05 12:40:19'),(937,'Monster Chase',4,18,'monster-chase','2012-07-05 12:40:19','2012-07-05 12:40:19'),(938,'Ich Viel Spielen',5,18,'ich-viel-spielen','2012-07-05 12:40:19','2012-07-05 12:40:19'),(939,'Mushrooms',6,18,'mushrooms','2012-07-05 12:40:19','2012-07-05 12:40:19'),(940,'Robots Unite',7,18,'robots-unite','2012-07-05 12:40:19','2012-07-05 12:40:19'),(941,'Plan 9',8,18,'plan-9','2012-07-05 12:40:19','2012-07-05 12:40:19'),(942,'Good Night Little Robot',9,18,'good-night-little-robot','2012-07-05 12:40:19','2012-07-05 12:40:19'),(943,'Pont',1,20,'pont','2012-11-26 14:28:10','2012-11-26 14:28:10'),(944,'Serenade',2,20,'serenade','2012-11-26 14:28:10','2012-11-26 14:28:10'),(945,'Descendre',3,20,'descendre','2012-11-26 14:29:07','2012-11-26 14:29:07'),(946,'Esperanza (Tribute to André Minvielle)',4,20,'esperanza-tribute-to-andre-minvielle','2012-11-26 14:29:07','2012-11-26 14:29:07'),(947,'Escalier',5,20,'escalier','2012-11-26 14:29:27','2012-11-26 14:29:27');
/*!40000 ALTER TABLE `track` ENABLE KEYS */;
UNLOCK TABLES;
/*!40103 SET TIME_ZONE=@OLD_TIME_ZONE */;

/*!40101 SET SQL_MODE=@OLD_SQL_MODE */;
/*!40014 SET FOREIGN_KEY_CHECKS=@OLD_FOREIGN_KEY_CHECKS */;
/*!40014 SET UNIQUE_CHECKS=@OLD_UNIQUE_CHECKS */;
/*!40101 SET CHARACTER_SET_CLIENT=@OLD_CHARACTER_SET_CLIENT */;
/*!40101 SET CHARACTER_SET_RESULTS=@OLD_CHARACTER_SET_RESULTS */;
/*!40101 SET COLLATION_CONNECTION=@OLD_COLLATION_CONNECTION */;
/*!40111 SET SQL_NOTES=@OLD_SQL_NOTES */;

-- Dump completed on 2012-12-02 18:27:50
